file_name,cohort,period,data_type,wiki_path,file_url,pi,other_notes
Family_GeneralData_Pregnancy_20251111,Generation R,Fetal Period (Phase 1),General data,Generation R > Fetal Period (Phase 1) > General data,https://p-epi-wiki.erasmusmc.nl/wiki/data/shop.php?wiki=genrwiki&item=003022,,
Family_BiologicalSamples_Pregnancy_20251001,Generation R,Fetal Period (Phase 1),General data,Generation R > Fetal Period (Phase 1) > General data,https://p-epi-wiki.erasmusmc.nl/wiki/data/shop.php?wiki=genrwiki&item=002635,,If a sample can be picked for analysis depents on the volume still in storage. To be detetermined by datamanagement after approval of projectproposal
Family_BirthCountry_Pregnancy_20250428,Generation R,Fetal Period (Phase 1),General data,Generation R > Fetal Period (Phase 1) > General data,https://p-epi-wiki.erasmusmc.nl/wiki/data/shop.php?wiki=genrwiki&item=003015,,
Mother_Partus_Birth_20251001,Generation R,Fetal Period (Phase 1),General data,Generation R > Fetal Period (Phase 1) > General data,https://p-epi-wiki.erasmusmc.nl/wiki/data/shop.php?wiki=genrwiki&item=003014,,
Mother_BloodPressure_Pregnancy_20250521,Generation R,Fetal Period (Phase 1),Hands on measurements and ultrasounds,Generation R > Fetal Period (Phase 1) > Hands on measurements and ultrasounds > Blood pressure  pregnancy,https://p-epi-wiki.erasmusmc.nl/wiki/data/shop.php?wiki=genrwiki&item=002686,"Vincent Jaddoe, Eric Steegers",
Partner_BloodPressure_Pregnancy_20250521,Generation R,Fetal Period (Phase 1),Hands on measurements and ultrasounds,Generation R > Fetal Period (Phase 1) > Hands on measurements and ultrasounds > Blood pressure  pregnancy,https://p-epi-wiki.erasmusmc.nl/wiki/data/shop.php?wiki=genrwiki&item=001732,"Vincent Jaddoe, Eric Steegers",
Fetal_Brain_LatePregnancy_20251002,Generation R,Fetal Period (Phase 1),Hands on measurements and ultrasounds,Generation R > Fetal Period (Phase 1) > Hands on measurements and ultrasounds > Ultrasound Pregnancy GenR,https://p-epi-wiki.erasmusmc.nl/wiki/data/shop.php?wiki=genrwiki&item=002685,"Pauline Jansen, Manon Hillegers",
Fetal_Circulation_Pregnancy_20251002,Generation R,Fetal Period (Phase 1),Hands on measurements and ultrasounds,Generation R > Fetal Period (Phase 1) > Hands on measurements and ultrasounds > Ultrasound Pregnancy GenR,https://p-epi-wiki.erasmusmc.nl/wiki/data/shop.php?wiki=genrwiki&item=002681,"Vincent Jaddoe, Eric Steegers",
Fetal_CRL_EarlyPregnancy_20251002,Generation R,Fetal Period (Phase 1),Hands on measurements and ultrasounds,Generation R > Fetal Period (Phase 1) > Hands on measurements and ultrasounds > Ultrasound Pregnancy GenR,https://p-epi-wiki.erasmusmc.nl/wiki/data/shop.php?wiki=genrwiki&item=002680,"Vincent Jaddoe, Eric Steegers",
Fetal_Growth_Pregnancy_20251002,Generation R,Fetal Period (Phase 1),Hands on measurements and ultrasounds,Generation R > Fetal Period (Phase 1) > Hands on measurements and ultrasounds > Ultrasound Pregnancy GenR,https://p-epi-wiki.erasmusmc.nl/wiki/data/shop.php?wiki=genrwiki&item=002679,"Vincent Jaddoe, Eric Steegers",
Fetal_GrowthLMPFilter_Pregnancy_20251002,Generation R,Fetal Period (Phase 1),Hands on measurements and ultrasounds,Generation R > Fetal Period (Phase 1) > Hands on measurements and ultrasounds > Ultrasound Pregnancy GenR,https://p-epi-wiki.erasmusmc.nl/wiki/data/shop.php?wiki=genrwiki&item=002683,"Vincent Jaddoe, Eric Steegers",
Fetal_Placenta_Pregnancy_20251002,Generation R,Fetal Period (Phase 1),Hands on measurements and ultrasounds,Generation R > Fetal Period (Phase 1) > Hands on measurements and ultrasounds > Ultrasound Pregnancy GenR,https://p-epi-wiki.erasmusmc.nl/wiki/data/shop.php?wiki=genrwiki&item=002682,"Vincent Jaddoe, Eric Steegers",
Child_Kidney_Pregnancy-24M_20251002,Generation R,Fetal Period (Phase 1),Hands on measurements and ultrasounds,Generation R > Fetal Period (Phase 1) > Hands on measurements and ultrasounds > Ultrasound Pregnancy GenR,https://p-epi-wiki.erasmusmc.nl/wiki/data/shop.php?wiki=genrwiki&item=002684,"Vincent Jaddoe, Eric Steegers",
Parents_ExpressedEmotions_HomeVisitPreg30W_20250930,Generation R,Fetal Period (Phase 1),Interviews & Questionnaires,Generation R > Fetal Period (Phase 1) > Interviews & Questionnaires > Parental behaviour combined (fetal period),https://p-epi-wiki.erasmusmc.nl/wiki/data/shop.php?wiki=genrwiki&item=002618,"Pauline Jansen, Manon Hillegers",
Mother_AlcoholUse_Pregnancy_20250930,Generation R,Fetal Period (Phase 1),Interviews & Questionnaires,Generation R > Fetal Period (Phase 1) > Interviews & Questionnaires > Mother lifestyle combined (fetal period),https://p-epi-wiki.erasmusmc.nl/wiki/data/shop.php?wiki=genrwiki&item=002626,,
Mother_AlcoholUseBehavioralGroup_Pregnancy_20250930,Generation R,Fetal Period (Phase 1),Interviews & Questionnaires,Generation R > Fetal Period (Phase 1) > Interviews & Questionnaires > Mother lifestyle combined (fetal period),https://p-epi-wiki.erasmusmc.nl/wiki/data/shop.php?wiki=genrwiki&item=002627,,
Mother_CaffeineIntake_Pregnancy_20250930,Generation R,Fetal Period (Phase 1),Interviews & Questionnaires,Generation R > Fetal Period (Phase 1) > Interviews & Questionnaires > Mother lifestyle combined (fetal period),https://p-epi-wiki.erasmusmc.nl/wiki/data/shop.php?wiki=genrwiki&item=002625,,
Mother_FolicAcid_Pregnancy_20250930,Generation R,Fetal Period (Phase 1),Interviews & Questionnaires,Generation R > Fetal Period (Phase 1) > Interviews & Questionnaires > Mother lifestyle combined (fetal period),https://p-epi-wiki.erasmusmc.nl/wiki/data/shop.php?wiki=genrwiki&item=002624,,
Mother_Smoking_Pregnancy_20260216,Generation R,Fetal Period (Phase 1),Interviews & Questionnaires,Generation R > Fetal Period (Phase 1) > Interviews & Questionnaires > Mother lifestyle combined (fetal period),https://p-epi-wiki.erasmusmc.nl/wiki/data/shop.php?wiki=genrwiki&item=003061,,
Mother_BenzodiazepineUse_Pregnancy_20250930,Generation R,Fetal Period (Phase 1),Interviews & Questionnaires,Generation R > Fetal Period (Phase 1) > Interviews & Questionnaires > Mother medication use combined (fetal period),https://p-epi-wiki.erasmusmc.nl/wiki/data/shop.php?wiki=genrwiki&item=002622,"Pauline Jansen, Manon Hillegers",
Mother_MedicationSelfReport_Pregnancy_20250930,Generation R,Fetal Period (Phase 1),Interviews & Questionnaires,Generation R > Fetal Period (Phase 1) > Interviews & Questionnaires > Mother medication use combined (fetal period),,,
Mother_MenstrualCycle_Pregnancy_20250521,Generation R,Fetal Period (Phase 1),Interviews & Questionnaires,Generation R > Fetal Period (Phase 1) > Interviews & Questionnaires > Menstrual cycle,https://p-epi-wiki.erasmusmc.nl/wiki/data/shop.php?wiki=genrwiki&item=002621,,
Mother_Complications_Pregnancy_20250930,Generation R,Fetal Period (Phase 1),Interviews & Questionnaires,Generation R > Fetal Period (Phase 1) > Interviews & Questionnaires > Maternal complications pregnancy,https://p-epi-wiki.erasmusmc.nl/wiki/data/shop.php?wiki=genrwiki&item=002629,"Vincent Jaddoe, Eric Steegers",
Mother_A04-10_GR1001_20250919,Generation R,Fetal Period (Phase 1),Interviews & Questionnaires,"Generation R > Fetal Period (Phase 1) > Interviews & Questionnaires > Mother 1 (GR1001): medical and family history, previous pregnancies, quality of life, life style habits, housing conditions, ethnicity, educational level > A. This pregnancy",https://p-epi-wiki.erasmusmc.nl/wiki/data/shop.php?wiki=genrwiki&item=002516,,
Mother_B04-09_GR1001_20250919,Generation R,Fetal Period (Phase 1),Interviews & Questionnaires,"Generation R > Fetal Period (Phase 1) > Interviews & Questionnaires > Mother 1 (GR1001): medical and family history, previous pregnancies, quality of life, life style habits, housing conditions, ethnicity, educational level > B. Previous pregnancies",https://p-epi-wiki.erasmusmc.nl/wiki/data/shop.php?wiki=genrwiki&item=002996,,
Mother_C02-13_GR1001_20250919,Generation R,Fetal Period (Phase 1),Interviews & Questionnaires,"Generation R > Fetal Period (Phase 1) > Interviews & Questionnaires > Mother 1 (GR1001): medical and family history, previous pregnancies, quality of life, life style habits, housing conditions, ethnicity, educational level > C. Your health in this pregnancy",https://p-epi-wiki.erasmusmc.nl/wiki/data/shop.php?wiki=genrwiki&item=002514,,
Mother_D_GR1001_20250919,Generation R,Fetal Period (Phase 1),Interviews & Questionnaires,"Generation R > Fetal Period (Phase 1) > Interviews & Questionnaires > Mother 1 (GR1001): medical and family history, previous pregnancies, quality of life, life style habits, housing conditions, ethnicity, educational level > D. General health",https://p-epi-wiki.erasmusmc.nl/wiki/data/shop.php?wiki=genrwiki&item=002512,,
Mother_E02-03_GR1001_20250919,Generation R,Fetal Period (Phase 1),Interviews & Questionnaires,"Generation R > Fetal Period (Phase 1) > Interviews & Questionnaires > Mother 1 (GR1001): medical and family history, previous pregnancies, quality of life, life style habits, housing conditions, ethnicity, educational level > E. Vitamins and medicines",https://p-epi-wiki.erasmusmc.nl/wiki/data/shop.php?wiki=genrwiki&item=002513,,
Mother_F_GR1001_20250919,Generation R,Fetal Period (Phase 1),Interviews & Questionnaires,"Generation R > Fetal Period (Phase 1) > Interviews & Questionnaires > Mother 1 (GR1001): medical and family history, previous pregnancies, quality of life, life style habits, housing conditions, ethnicity, educational level > F. Your lifestyle",https://p-epi-wiki.erasmusmc.nl/wiki/data/shop.php?wiki=genrwiki&item=002509,,
Mother_G01-07_GR1001_20250919,Generation R,Fetal Period (Phase 1),Interviews & Questionnaires,"Generation R > Fetal Period (Phase 1) > Interviews & Questionnaires > Mother 1 (GR1001): medical and family history, previous pregnancies, quality of life, life style habits, housing conditions, ethnicity, educational level > G. Lifestyle of the biological father in the months preceding the pregancy",https://p-epi-wiki.erasmusmc.nl/wiki/data/shop.php?wiki=genrwiki&item=002508,,
Mother_H_GR1001_20250919,Generation R,Fetal Period (Phase 1),Interviews & Questionnaires,"Generation R > Fetal Period (Phase 1) > Interviews & Questionnaires > Mother 1 (GR1001): medical and family history, previous pregnancies, quality of life, life style habits, housing conditions, ethnicity, educational level > H. Expectations concercing the pregnancy",https://p-epi-wiki.erasmusmc.nl/wiki/data/shop.php?wiki=genrwiki&item=002511,,
Mother_I03-16_GR1001_20250919,Generation R,Fetal Period (Phase 1),Interviews & Questionnaires,"Generation R > Fetal Period (Phase 1) > Interviews & Questionnaires > Mother 1 (GR1001): medical and family history, previous pregnancies, quality of life, life style habits, housing conditions, ethnicity, educational level > I. Medical history of your family",https://p-epi-wiki.erasmusmc.nl/wiki/data/shop.php?wiki=genrwiki&item=002510,,
Mother_J_GR1001_20250919,Generation R,Fetal Period (Phase 1),Interviews & Questionnaires,"Generation R > Fetal Period (Phase 1) > Interviews & Questionnaires > Mother 1 (GR1001): medical and family history, previous pregnancies, quality of life, life style habits, housing conditions, ethnicity, educational level > J. Background information",https://p-epi-wiki.erasmusmc.nl/wiki/data/shop.php?wiki=genrwiki&item=002517,,
Mother_FFQ_Pregnancy_20251006,Generation R,Fetal Period (Phase 1),Interviews & Questionnaires,"Generation R > Fetal Period (Phase 1) > Interviews & Questionnaires > Mother 2 (GR1002): diet, including macronutrients and micronutrients",https://p-epi-wiki.erasmusmc.nl/wiki/data/shop.php?wiki=genrwiki&item=002969,,
Mother_FFQ-DIIscore-DASH_Pregnancy_20251006,Generation R,Fetal Period (Phase 1),Interviews & Questionnaires,"Generation R > Fetal Period (Phase 1) > Interviews & Questionnaires > Mother 2 (GR1002): diet, including macronutrients and micronutrients",https://p-epi-wiki.erasmusmc.nl/wiki/data/shop.php?wiki=genrwiki&item=003000,Liesbeth Duyts,
Mother_FFQ-GlycemicIndex_Pregnancy_20251006,Generation R,Fetal Period (Phase 1),Interviews & Questionnaires,"Generation R > Fetal Period (Phase 1) > Interviews & Questionnaires > Mother 2 (GR1002): diet, including macronutrients and micronutrients",https://p-epi-wiki.erasmusmc.nl/wiki/data/shop.php?wiki=genrwiki&item=002965,,
Mother_FFQ-rMED_Pregnancy_20251006,Generation R,Fetal Period (Phase 1),Interviews & Questionnaires,"Generation R > Fetal Period (Phase 1) > Interviews & Questionnaires > Mother 2 (GR1002): diet, including macronutrients and micronutrients",https://p-epi-wiki.erasmusmc.nl/wiki/data/shop.php?wiki=genrwiki&item=002968,"Janine Felix, Vincent Jaddoe",
Mother_FFQ-SugarContainingDrinks_Pregnancy_20251006,Generation R,Fetal Period (Phase 1),Interviews & Questionnaires,"Generation R > Fetal Period (Phase 1) > Interviews & Questionnaires > Mother 2 (GR1002): diet, including macronutrients and micronutrients",https://p-epi-wiki.erasmusmc.nl/wiki/data/shop.php?wiki=genrwiki&item=002966,,
Mother_A01-07_GR1003_20250919,Generation R,Fetal Period (Phase 1),Interviews & Questionnaires,Generation R > Fetal Period (Phase 1) > Interviews & Questionnaires > Mother 3 (GR1003): feelings and memories > A. Health,https://p-epi-wiki.erasmusmc.nl/wiki/data/shop.php?wiki=genrwiki&item=002527,,
Mother_A08-11_GR1003_20250919,Generation R,Fetal Period (Phase 1),Interviews & Questionnaires,Generation R > Fetal Period (Phase 1) > Interviews & Questionnaires > Mother 3 (GR1003): feelings and memories > A. Health,https://p-epi-wiki.erasmusmc.nl/wiki/data/shop.php?wiki=genrwiki&item=002528,,
Mother_B_GR1003_20250919,Generation R,Fetal Period (Phase 1),Interviews & Questionnaires,Generation R > Fetal Period (Phase 1) > Interviews & Questionnaires > Mother 3 (GR1003): feelings and memories > B. Lifestyle,https://p-epi-wiki.erasmusmc.nl/wiki/data/shop.php?wiki=genrwiki&item=002526,,
Mother_C_GR1003_20250919,Generation R,Fetal Period (Phase 1),Interviews & Questionnaires,Generation R > Fetal Period (Phase 1) > Interviews & Questionnaires > Mother 3 (GR1003): feelings and memories > C. Social circumstances,https://p-epi-wiki.erasmusmc.nl/wiki/data/shop.php?wiki=genrwiki&item=002519,,
Mother_BSI_GR1003_20250919,Generation R,Fetal Period (Phase 1),Interviews & Questionnaires,Generation R > Fetal Period (Phase 1) > Interviews & Questionnaires > Mother 3 (GR1003): feelings and memories > D. Emotional problems,https://p-epi-wiki.erasmusmc.nl/wiki/data/shop.php?wiki=genrwiki&item=002531,,
Mother_D02-20_GR1003_20250919,Generation R,Fetal Period (Phase 1),Interviews & Questionnaires,Generation R > Fetal Period (Phase 1) > Interviews & Questionnaires > Mother 3 (GR1003): feelings and memories > D. Emotional problems,https://p-epi-wiki.erasmusmc.nl/wiki/data/shop.php?wiki=genrwiki&item=002525,,
Mother_E_GR1003_20250919,Generation R,Fetal Period (Phase 1),Interviews & Questionnaires,Generation R > Fetal Period (Phase 1) > Interviews & Questionnaires > Mother 3 (GR1003): feelings and memories > E. Eating disorders,https://p-epi-wiki.erasmusmc.nl/wiki/data/shop.php?wiki=genrwiki&item=002524,,
Mother_F_GR1003_20250919,Generation R,Fetal Period (Phase 1),Interviews & Questionnaires,Generation R > Fetal Period (Phase 1) > Interviews & Questionnaires > Mother 3 (GR1003): feelings and memories > F. Substance abuse,https://p-epi-wiki.erasmusmc.nl/wiki/data/shop.php?wiki=genrwiki&item=002518,,
Mother_G_GR1003_20250919,Generation R,Fetal Period (Phase 1),Interviews & Questionnaires,Generation R > Fetal Period (Phase 1) > Interviews & Questionnaires > Mother 3 (GR1003): feelings and memories > G. Standards and values,https://p-epi-wiki.erasmusmc.nl/wiki/data/shop.php?wiki=genrwiki&item=002523,,
Mother_H_GR1003_20250919,Generation R,Fetal Period (Phase 1),Interviews & Questionnaires,Generation R > Fetal Period (Phase 1) > Interviews & Questionnaires > Mother 3 (GR1003): feelings and memories > H. The family in which you grew up,https://p-epi-wiki.erasmusmc.nl/wiki/data/shop.php?wiki=genrwiki&item=002522,,
Mother_EMBU_GR1003_20250919,Generation R,Fetal Period (Phase 1),Interviews & Questionnaires,Generation R > Fetal Period (Phase 1) > Interviews & Questionnaires > Mother 3 (GR1003): feelings and memories > I. Childhood memories,https://p-epi-wiki.erasmusmc.nl/wiki/data/shop.php?wiki=genrwiki&item=002530,,
Mother_I24_GR1003_20250919,Generation R,Fetal Period (Phase 1),Interviews & Questionnaires,Generation R > Fetal Period (Phase 1) > Interviews & Questionnaires > Mother 3 (GR1003): feelings and memories > I. Childhood memories,https://p-epi-wiki.erasmusmc.nl/wiki/data/shop.php?wiki=genrwiki&item=002521,,
Mother_FAD_GR1003_20250919,Generation R,Fetal Period (Phase 1),Interviews & Questionnaires,Generation R > Fetal Period (Phase 1) > Interviews & Questionnaires > Mother 3 (GR1003): feelings and memories > J. Your family now,https://p-epi-wiki.erasmusmc.nl/wiki/data/shop.php?wiki=genrwiki&item=002529,,
Mother_K_GR1003_20250919,Generation R,Fetal Period (Phase 1),Interviews & Questionnaires,Generation R > Fetal Period (Phase 1) > Interviews & Questionnaires > Mother 3 (GR1003): feelings and memories > K. Views about bringing up children,https://p-epi-wiki.erasmusmc.nl/wiki/data/shop.php?wiki=genrwiki&item=002520,,
Mother_A_GR1005_20250919,Generation R,Fetal Period (Phase 1),Interviews & Questionnaires,Generation R > Fetal Period (Phase 1) > Interviews & Questionnaires > Mother 4 (GR1005): living conditions > A. Course of this pregnancy,https://p-epi-wiki.erasmusmc.nl/wiki/data/shop.php?wiki=genrwiki&item=002538,,
Mother_B_GR1005_20250919,Generation R,Fetal Period (Phase 1),Interviews & Questionnaires,Generation R > Fetal Period (Phase 1) > Interviews & Questionnaires > Mother 4 (GR1005): living conditions > B. Health,https://p-epi-wiki.erasmusmc.nl/wiki/data/shop.php?wiki=genrwiki&item=002537,,
Mother_C_GR1005_20250919,Generation R,Fetal Period (Phase 1),Interviews & Questionnaires,Generation R > Fetal Period (Phase 1) > Interviews & Questionnaires > Mother 4 (GR1005): living conditions > C. Lifestyle,https://p-epi-wiki.erasmusmc.nl/wiki/data/shop.php?wiki=genrwiki&item=002536,,
Mother_D_GR1005_20250919,Generation R,Fetal Period (Phase 1),Interviews & Questionnaires,Generation R > Fetal Period (Phase 1) > Interviews & Questionnaires > Mother 4 (GR1005): living conditions > D. Work and working conditions,https://p-epi-wiki.erasmusmc.nl/wiki/data/shop.php?wiki=genrwiki&item=002535,,
Mother_E_GR1005_20250919,Generation R,Fetal Period (Phase 1),Interviews & Questionnaires,Generation R > Fetal Period (Phase 1) > Interviews & Questionnaires > Mother 4 (GR1005): living conditions > E. Personal circumstances,https://p-epi-wiki.erasmusmc.nl/wiki/data/shop.php?wiki=genrwiki&item=002534,,
Mother_F_GR1005_20250919,Generation R,Fetal Period (Phase 1),Interviews & Questionnaires,Generation R > Fetal Period (Phase 1) > Interviews & Questionnaires > Mother 4 (GR1005): living conditions > F. Religion,https://p-epi-wiki.erasmusmc.nl/wiki/data/shop.php?wiki=genrwiki&item=002533,,
Mother_G_GR1005_20250919,Generation R,Fetal Period (Phase 1),Interviews & Questionnaires,"Generation R > Fetal Period (Phase 1) > Interviews & Questionnaires > Mother 4 (GR1005): living conditions > G. Culture, social contacts and self-esteem",https://p-epi-wiki.erasmusmc.nl/wiki/data/shop.php?wiki=genrwiki&item=002532,,
Partner_A_GR1004_20250919,Generation R,Fetal Period (Phase 1),Interviews & Questionnaires,"Generation R > Fetal Period (Phase 1) > Interviews & Questionnaires > Father (GR1004): medical and family history, life style habits, educational level, psychopathology > A. General Health",https://p-epi-wiki.erasmusmc.nl/wiki/data/shop.php?wiki=genrwiki&item=002548,,
Partner_B_GR1004_20250919,Generation R,Fetal Period (Phase 1),Interviews & Questionnaires,"Generation R > Fetal Period (Phase 1) > Interviews & Questionnaires > Father (GR1004): medical and family history, life style habits, educational level, psychopathology > B. Lifestyle",https://p-epi-wiki.erasmusmc.nl/wiki/data/shop.php?wiki=genrwiki&item=002547,,
Partner_C03-13_GR1004_20250919,Generation R,Fetal Period (Phase 1),Interviews & Questionnaires,"Generation R > Fetal Period (Phase 1) > Interviews & Questionnaires > Father (GR1004): medical and family history, life style habits, educational level, psychopathology > C. Medical history of your family",https://p-epi-wiki.erasmusmc.nl/wiki/data/shop.php?wiki=genrwiki&item=002546,,
Partner_D07-11_GR1004_20250919,Generation R,Fetal Period (Phase 1),Interviews & Questionnaires,"Generation R > Fetal Period (Phase 1) > Interviews & Questionnaires > Father (GR1004): medical and family history, life style habits, educational level, psychopathology > D. Background information of you and your family",https://p-epi-wiki.erasmusmc.nl/wiki/data/shop.php?wiki=genrwiki&item=002542,,
Partner_E_GR1004_20250919,Generation R,Fetal Period (Phase 1),Interviews & Questionnaires,"Generation R > Fetal Period (Phase 1) > Interviews & Questionnaires > Father (GR1004): medical and family history, life style habits, educational level, psychopathology > E. Education and work",https://p-epi-wiki.erasmusmc.nl/wiki/data/shop.php?wiki=genrwiki&item=002545,,
Partner_FAD_GR1004_20250919,Generation R,Fetal Period (Phase 1),Interviews & Questionnaires,"Generation R > Fetal Period (Phase 1) > Interviews & Questionnaires > Father (GR1004): medical and family history, life style habits, educational level, psychopathology > F. Social circumstances",https://p-epi-wiki.erasmusmc.nl/wiki/data/shop.php?wiki=genrwiki&item=002540,,
Partner_F13-24_GR1004_20250919,Generation R,Fetal Period (Phase 1),Interviews & Questionnaires,"Generation R > Fetal Period (Phase 1) > Interviews & Questionnaires > Father (GR1004): medical and family history, life style habits, educational level, psychopathology > F. Social circumstances",https://p-epi-wiki.erasmusmc.nl/wiki/data/shop.php?wiki=genrwiki&item=002539,,
Partner_BSI_GR1004_20250919,Generation R,Fetal Period (Phase 1),Interviews & Questionnaires,"Generation R > Fetal Period (Phase 1) > Interviews & Questionnaires > Father (GR1004): medical and family history, life style habits, educational level, psychopathology > G. Emotional problems",https://p-epi-wiki.erasmusmc.nl/wiki/data/shop.php?wiki=genrwiki&item=002541,,
Partner_H_GR1004_20250919,Generation R,Fetal Period (Phase 1),Interviews & Questionnaires,"Generation R > Fetal Period (Phase 1) > Interviews & Questionnaires > Father (GR1004): medical and family history, life style habits, educational level, psychopathology > H. Substance abuse",https://p-epi-wiki.erasmusmc.nl/wiki/data/shop.php?wiki=genrwiki&item=002544,,
Partner_I_GR1004_20250919,Generation R,Fetal Period (Phase 1),Interviews & Questionnaires,"Generation R > Fetal Period (Phase 1) > Interviews & Questionnaires > Father (GR1004): medical and family history, life style habits, educational level, psychopathology > I. Standards and values",https://p-epi-wiki.erasmusmc.nl/wiki/data/shop.php?wiki=genrwiki&item=002543,,
Lifecycle_GENR-9523_ap_backextrapolated_preg_2021-04-15,Generation R,Fetal Period (Phase 1),Environment,"Generation R > Fetal Period (Phase 1) > Environment > Prenatal exposure > Airpollution, created for lifecycle",,Vincent Jaddoe ,
PREGNANCYAIRPOLLUTION_n9499_ap_backextrapolationrestruct_09072020,Generation R,Fetal Period (Phase 1),Environment,"Generation R > Fetal Period (Phase 1) > Environment > Prenatal exposure > Airpollution, created for lifecycle",,Vincent Jaddoe ,
GENRbuiltenvironment_14-05-2020,Generation R,Fetal Period (Phase 1),Environment,"Generation R > Fetal Period (Phase 1) > Environment > Prenatal exposure > Other, created for lifecycle",,Vincent Jaddoe ,
GENRUnhealthyfoodenvironment_25112019,Generation R,Fetal Period (Phase 1),Environment,"Generation R > Fetal Period (Phase 1) > Environment > Prenatal exposure > Other, created for lifecycle",,Vincent Jaddoe ,
GENRtraffic_25112019,Generation R,Fetal Period (Phase 1),Environment,"Generation R > Fetal Period (Phase 1) > Environment > Prenatal exposure > Other, created for lifecycle",,Vincent Jaddoe ,
GENRsocialcontext_25112019,Generation R,Fetal Period (Phase 1),Environment,"Generation R > Fetal Period (Phase 1) > Environment > Prenatal exposure > Other, created for lifecycle",,Vincent Jaddoe ,
GENRnoise_25112019,Generation R,Fetal Period (Phase 1),Environment,"Generation R > Fetal Period (Phase 1) > Environment > Prenatal exposure > Other, created for lifecycle",,Vincent Jaddoe ,
GENRnaturalspaces_25112019_corrected,Generation R,Fetal Period (Phase 1),Environment,"Generation R > Fetal Period (Phase 1) > Environment > Prenatal exposure > Other, created for lifecycle",,Vincent Jaddoe ,
GENR_meteo_27072020,Generation R,Fetal Period (Phase 1),Environment,"Generation R > Fetal Period (Phase 1) > Environment > Prenatal exposure > Other, created for lifecycle",,Vincent Jaddoe ,
GENRairpollution_25112019,Generation R,Fetal Period (Phase 1),Environment,"Generation R > Fetal Period (Phase 1) > Environment > Prenatal exposure > Other, created for lifecycle",,Vincent Jaddoe ,
Child_ATHLETE_UrbExp_air_pollution_101_2024-04-26_GenR_20260312,Generation R,Fetal Period (Phase 1),Environment,"Generation R > Fetal Period (Phase 1) > Environment > Prenatal exposure > Urban Exposures, created for ATHLETE (pregnancy/F@13)",,Vincent Jaddoe ,
Child_ATHLETE_UrbExp_built_environment_101_2024-05-08_GenR_20260312,Generation R,Fetal Period (Phase 1),Environment,"Generation R > Fetal Period (Phase 1) > Environment > Prenatal exposure > Urban Exposures, created for ATHLETE (pregnancy/F@13)",,Vincent Jaddoe ,
Child_ATHLETE_UrbExp_food_environment_101_2024-04-26_GenR_20260312,Generation R,Fetal Period (Phase 1),Environment,"Generation R > Fetal Period (Phase 1) > Environment > Prenatal exposure > Urban Exposures, created for ATHLETE (pregnancy/F@13)",,Vincent Jaddoe ,
Child_ATHLETE_UrbExp_light_at_night_101_2024-04-26_GenR_20260312,Generation R,Fetal Period (Phase 1),Environment,"Generation R > Fetal Period (Phase 1) > Environment > Prenatal exposure > Urban Exposures, created for ATHLETE (pregnancy/F@13)",,Vincent Jaddoe ,
Child_ATHLETE_UrbExp_meteo_101_2024-04-26_GenR_20260312,Generation R,Fetal Period (Phase 1),Environment,"Generation R > Fetal Period (Phase 1) > Environment > Prenatal exposure > Urban Exposures, created for ATHLETE (pregnancy/F@13)",,Vincent Jaddoe ,
Child_ATHLETE_UrbExp_natural_spaces_101_2024-05-29_GenR_20260312,Generation R,Fetal Period (Phase 1),Environment,"Generation R > Fetal Period (Phase 1) > Environment > Prenatal exposure > Urban Exposures, created for ATHLETE (pregnancy/F@13)",,Vincent Jaddoe ,
Child_ATHLETE_UrbExp_noise_101_2024-04-26_GenR_20260312,Generation R,Fetal Period (Phase 1),Environment,"Generation R > Fetal Period (Phase 1) > Environment > Prenatal exposure > Urban Exposures, created for ATHLETE (pregnancy/F@13)",,Vincent Jaddoe ,
Child_ATHLETE_UrbExp_social_context_101_2024-05-06_GenR_20260312,Generation R,Fetal Period (Phase 1),Environment,"Generation R > Fetal Period (Phase 1) > Environment > Prenatal exposure > Urban Exposures, created for ATHLETE (pregnancy/F@13)",,Vincent Jaddoe ,
Child_ATHLETE_UrbExp_traffic_101_2024-05-08_GenR_20260312,Generation R,Fetal Period (Phase 1),Environment,"Generation R > Fetal Period (Phase 1) > Environment > Prenatal exposure > Urban Exposures, created for ATHLETE (pregnancy/F@13)",,Vincent Jaddoe ,
Family_GeneralData_0-17Years_20251111,Generation R,Years 0-4 (Phase 2),General data,Generation R > Years 0-4 (Phase 2) > General data,https://p-epi-wiki.erasmusmc.nl/wiki/data/shop.php?wiki=genrwiki&item=003021,,
Child_Anthropometry_Birth_20251001,Generation R,Years 0-4 (Phase 2),General data,Generation R > Years 0-4 (Phase 2) > General data,https://p-epi-wiki.erasmusmc.nl/wiki/data/shop.php?wiki=genrwiki&item=002632,,
Child_Partus_Birth_20251001,Generation R,Years 0-4 (Phase 2),General data,Generation R > Years 0-4 (Phase 2) > General data,https://p-epi-wiki.erasmusmc.nl/wiki/data/shop.php?wiki=genrwiki&item=002631,,
Child_RandomSample_Birth_20251001,Generation R,Years 0-4 (Phase 2),General data,Generation R > Years 0-4 (Phase 2) > General data,https://p-epi-wiki.erasmusmc.nl/wiki/data/shop.php?wiki=genrwiki&item=002637,,
Child_ZipCode_Birth_20251001,Generation R,Years 0-4 (Phase 2),General data,Generation R > Years 0-4 (Phase 2) > General data,https://p-epi-wiki.erasmusmc.nl/wiki/data/shop.php?wiki=genrwiki&item=002636,,
Child_ZipCode_06Y_20251001,Generation R,Years 0-4 (Phase 2),General data,Generation R > Years 0-4 (Phase 2) > General data,https://p-epi-wiki.erasmusmc.nl/wiki/data/shop.php?wiki=genrwiki&item=002639,,
Mother_PRAQ_HomeVisit06M_20250930,Generation R,Years 0-4 (Phase 2),Hands on measurements and ultrasounds,Generation R > Years 0-4 (Phase 2) > Hands on measurements and ultrasounds > Behaviour 0-4 years > 6 months,https://p-epi-wiki.erasmusmc.nl/wiki/data/shop.php?wiki=genrwiki&item=002619,Pauline Jansen,
Parents_CIDI_HomeVisit06M_20250930,Generation R,Years 0-4 (Phase 2),Hands on measurements and ultrasounds,Generation R > Years 0-4 (Phase 2) > Hands on measurements and ultrasounds > Behaviour 0-4 years > 6 months,https://p-epi-wiki.erasmusmc.nl/wiki/data/shop.php?wiki=genrwiki&item=002620,"Pauline Jansen, Manon Hillegers",
Child_Attachment_FocusVisit14M_20250902,Generation R,Years 0-4 (Phase 2),Hands on measurements and ultrasounds,Generation R > Years 0-4 (Phase 2) > Hands on measurements and ultrasounds > Behaviour 0-4 years > 14 months,https://p-epi-wiki.erasmusmc.nl/wiki/data/shop.php?wiki=genrwiki&item=002154,"Pauline Jansen, Manon Hillegers",
Child_Sensitivity_FocusVisit14M_20250828,Generation R,Years 0-4 (Phase 2),Hands on measurements and ultrasounds,Generation R > Years 0-4 (Phase 2) > Hands on measurements and ultrasounds > Behaviour 0-4 years > 14 months,https://p-epi-wiki.erasmusmc.nl/wiki/data/shop.php?wiki=genrwiki&item=002166,"Pauline Jansen, Manon Hillegers",
Child_MaternalExtremeInsensitivity_FocusVisit14M_20250902,Generation R,Years 0-4 (Phase 2),Hands on measurements and ultrasounds,Generation R > Years 0-4 (Phase 2) > Hands on measurements and ultrasounds > Behaviour 0-4 years > 14 months,https://p-epi-wiki.erasmusmc.nl/wiki/data/shop.php?wiki=genrwiki&item=002153,"Pauline Jansen, Manon Hillegers",
Child_Compliance_FocusVisit36M_20250902,Generation R,Years 0-4 (Phase 2),Hands on measurements and ultrasounds,Generation R > Years 0-4 (Phase 2) > Hands on measurements and ultrasounds > Behaviour 0-4 years > 36 months,https://p-epi-wiki.erasmusmc.nl/wiki/data/shop.php?wiki=genrwiki&item=002161,"Pauline Jansen, Manon Hillegers",
Child_DoNotTouchReliability_FocusVisit36M_20250829,Generation R,Years 0-4 (Phase 2),Hands on measurements and ultrasounds,Generation R > Years 0-4 (Phase 2) > Hands on measurements and ultrasounds > Behaviour 0-4 years > 36 months,https://p-epi-wiki.erasmusmc.nl/wiki/data/shop.php?wiki=genrwiki&item=002162,"Pauline Jansen, Manon Hillegers",
Child_Discipline_FocusVisit36M_20250829,Generation R,Years 0-4 (Phase 2),Hands on measurements and ultrasounds,Generation R > Years 0-4 (Phase 2) > Hands on measurements and ultrasounds > Behaviour 0-4 years > 36 months,https://p-epi-wiki.erasmusmc.nl/wiki/data/shop.php?wiki=genrwiki&item=002163,"Pauline Jansen, Manon Hillegers",
Child_EmotionRecognition_FocusVisit36M_20250902,Generation R,Years 0-4 (Phase 2),Hands on measurements and ultrasounds,Generation R > Years 0-4 (Phase 2) > Hands on measurements and ultrasounds > Behaviour 0-4 years > 36 months,https://p-epi-wiki.erasmusmc.nl/wiki/data/shop.php?wiki=genrwiki&item=002160,"Pauline Jansen, Manon Hillegers",
Child_ImpossiblePuzzle_FocusVisit36M_20250902,Generation R,Years 0-4 (Phase 2),Hands on measurements and ultrasounds,Generation R > Years 0-4 (Phase 2) > Hands on measurements and ultrasounds > Behaviour 0-4 years > 36 months,https://p-epi-wiki.erasmusmc.nl/wiki/data/shop.php?wiki=genrwiki&item=002156,"Pauline Jansen, Manon Hillegers",
Child_JumpingSpider_FocusVisit36M_20250902,Generation R,Years 0-4 (Phase 2),Hands on measurements and ultrasounds,Generation R > Years 0-4 (Phase 2) > Hands on measurements and ultrasounds > Behaviour 0-4 years > 36 months,https://p-epi-wiki.erasmusmc.nl/wiki/data/shop.php?wiki=genrwiki&item=002159,"Pauline Jansen, Manon Hillegers",
Child_PoppingBubbles_FocusVisit36M_20250902,Generation R,Years 0-4 (Phase 2),Hands on measurements and ultrasounds,Generation R > Years 0-4 (Phase 2) > Hands on measurements and ultrasounds > Behaviour 0-4 years > 36 months,https://p-epi-wiki.erasmusmc.nl/wiki/data/shop.php?wiki=genrwiki&item=002157,"Pauline Jansen, Manon Hillegers",
Child_PuppetGame_FocusVisit36M_20250902,Generation R,Years 0-4 (Phase 2),Hands on measurements and ultrasounds,Generation R > Years 0-4 (Phase 2) > Hands on measurements and ultrasounds > Behaviour 0-4 years > 36 months,https://p-epi-wiki.erasmusmc.nl/wiki/data/shop.php?wiki=genrwiki&item=002158,"Pauline Jansen, Manon Hillegers",
Child_Sensitivity_FocusVisit36M_20250829,Generation R,Years 0-4 (Phase 2),Hands on measurements and ultrasounds,Generation R > Years 0-4 (Phase 2) > Hands on measurements and ultrasounds > Behaviour 0-4 years > 36 months,https://p-epi-wiki.erasmusmc.nl/wiki/data/shop.php?wiki=genrwiki&item=002164,"Pauline Jansen, Manon Hillegers",
Child_SnackGiftDelayScore_FocusVisit36M_20250829,Generation R,Years 0-4 (Phase 2),Hands on measurements and ultrasounds,Generation R > Years 0-4 (Phase 2) > Hands on measurements and ultrasounds > Behaviour 0-4 years > 36 months,https://p-epi-wiki.erasmusmc.nl/wiki/data/shop.php?wiki=genrwiki&item=002167,"Pauline Jansen, Manon Hillegers",
Child_StrangerApproach_FocusVisit36M_20250902,Generation R,Years 0-4 (Phase 2),Hands on measurements and ultrasounds,Generation R > Years 0-4 (Phase 2) > Hands on measurements and ultrasounds > Behaviour 0-4 years > 36 months,https://p-epi-wiki.erasmusmc.nl/wiki/data/shop.php?wiki=genrwiki&item=002155,"Pauline Jansen, Manon Hillegers",
Parent_Lying_FocusVisit36M_20251124,Generation R,Years 0-4 (Phase 2),Hands on measurements and ultrasounds,Generation R > Years 0-4 (Phase 2) > Hands on measurements and ultrasounds > Behaviour 0-4 years > 36 months,https://p-epi-wiki.erasmusmc.nl/wiki/data/shop.php?wiki=genrwiki&item=003023,"Pauline Jansen, Manon Hillegers",
QC_Parent_Lying_FocusVisit36M_20250320,Generation R,Years 0-4 (Phase 2),Hands on measurements and ultrasounds,Generation R > Years 0-4 (Phase 2) > Hands on measurements and ultrasounds > Behaviour 0-4 years > 36 months,https://p-epi-wiki.erasmusmc.nl/wiki/data/shop.php?wiki=genrwiki&item=001705,,
Child_AgeSiblings_FocusVisit48M_20250902,Generation R,Years 0-4 (Phase 2),Hands on measurements and ultrasounds,Generation R > Years 0-4 (Phase 2) > Hands on measurements and ultrasounds > Behaviour 0-4 years > 48 months,https://p-epi-wiki.erasmusmc.nl/wiki/data/shop.php?wiki=genrwiki&item=002647,"Pauline Jansen, Manon Hillegers",
Child_Attention_FocusVisit48M_20250902,Generation R,Years 0-4 (Phase 2),Hands on measurements and ultrasounds,Generation R > Years 0-4 (Phase 2) > Hands on measurements and ultrasounds > Behaviour 0-4 years > 48 months,https://p-epi-wiki.erasmusmc.nl/wiki/data/shop.php?wiki=genrwiki&item=002646,"Pauline Jansen, Manon Hillegers",
Child_CheatingGame_FocusVisit48M_20250902,Generation R,Years 0-4 (Phase 2),Hands on measurements and ultrasounds,Generation R > Years 0-4 (Phase 2) > Hands on measurements and ultrasounds > Behaviour 0-4 years > 48 months,https://p-epi-wiki.erasmusmc.nl/wiki/data/shop.php?wiki=genrwiki&item=002645,"Pauline Jansen, Manon Hillegers",
Child_MaternalSensitivity_FocusVisit48M_20250902,Generation R,Years 0-4 (Phase 2),Hands on measurements and ultrasounds,Generation R > Years 0-4 (Phase 2) > Hands on measurements and ultrasounds > Behaviour 0-4 years > 48 months,https://p-epi-wiki.erasmusmc.nl/wiki/data/shop.php?wiki=genrwiki&item=002649,"Pauline Jansen, Manon Hillegers",
Child_PaternalSensitivity_FocusVisit48M_20250902,Generation R,Years 0-4 (Phase 2),Hands on measurements and ultrasounds,Generation R > Years 0-4 (Phase 2) > Hands on measurements and ultrasounds > Behaviour 0-4 years > 48 months,https://p-epi-wiki.erasmusmc.nl/wiki/data/shop.php?wiki=genrwiki&item=002644,"Pauline Jansen, Manon Hillegers",
Child_WorkingMemory_FocusVisit48M_20250902,Generation R,Years 0-4 (Phase 2),Hands on measurements and ultrasounds,Generation R > Years 0-4 (Phase 2) > Hands on measurements and ultrasounds > Behaviour 0-4 years > 48 months,https://p-epi-wiki.erasmusmc.nl/wiki/data/shop.php?wiki=genrwiki&item=002648,"Pauline Jansen, Manon Hillegers",
Parent_Lying_FocusVisit48M_20251027,Generation R,Years 0-4 (Phase 2),Hands on measurements and ultrasounds,Generation R > Years 0-4 (Phase 2) > Hands on measurements and ultrasounds > Behaviour 0-4 years > 48 months,https://p-epi-wiki.erasmusmc.nl/wiki/data/shop.php?wiki=genrwiki&item=003017,"Pauline Jansen, Manon Hillegers",
Child_Brain_PregnancyVisit30W-FocusVisit06W_20250904,Generation R,Years 0-4 (Phase 2),Hands on measurements and ultrasounds,Generation R > Years 0-4 (Phase 2) > Hands on measurements and ultrasounds > Brain 0-4 years,https://p-epi-wiki.erasmusmc.nl/wiki/data/shop.php?wiki=genrwiki&item=002281,"Pauline Jansen, Manon Hillegers",
Child_BloodPressure_Visit24M_20250526,Generation R,Years 0-4 (Phase 2),Hands on measurements and ultrasounds,Generation R > Years 0-4 (Phase 2) > Hands on measurements and ultrasounds > Blood pressure 0-4 years,https://p-epi-wiki.erasmusmc.nl/wiki/data/shop.php?wiki=genrwiki&item=001741,Vincent Jaddoe,
Child_BMIAP-PHV-PWV_0-1Y_20250526,Generation R,Years 0-4 (Phase 2),Hands on measurements and ultrasounds,Generation R > Years 0-4 (Phase 2) > Hands on measurements and ultrasounds > Growth 0-4 years,https://p-epi-wiki.erasmusmc.nl/wiki/data/shop.php?wiki=genrwiki&item=001737,Vincent Jaddoe,
Child_BMIAPPeakRebound_0-13Y_20250526,Generation R,Years 0-4 (Phase 2),Hands on measurements and ultrasounds,Generation R > Years 0-4 (Phase 2) > Hands on measurements and ultrasounds > Growth 0-4 years,https://p-epi-wiki.erasmusmc.nl/wiki/data/shop.php?wiki=genrwiki&item=001738,Vincent Jaddoe,
Child_DXA_FocusVisit06M_20250526,Generation R,Years 0-4 (Phase 2),Hands on measurements and ultrasounds,Generation R > Years 0-4 (Phase 2) > Hands on measurements and ultrasounds > Growth 0-4 years,https://p-epi-wiki.erasmusmc.nl/wiki/data/shop.php?wiki=genrwiki&item=002676,Vincent Jaddoe,
Child_Growth_0-4Y_20250526,Generation R,Years 0-4 (Phase 2),Hands on measurements and ultrasounds,Generation R > Years 0-4 (Phase 2) > Hands on measurements and ultrasounds > Growth 0-4 years,https://p-epi-wiki.erasmusmc.nl/wiki/data/shop.php?wiki=genrwiki&item=002677,Vincent Jaddoe,
Child_Obesity_0-4Y_20250526,Generation R,Years 0-4 (Phase 2),Hands on measurements and ultrasounds,Generation R > Years 0-4 (Phase 2) > Hands on measurements and ultrasounds > Growth 0-4 years,https://p-epi-wiki.erasmusmc.nl/wiki/data/shop.php?wiki=genrwiki&item=002675,Vincent Jaddoe,
Child_Skinfold_0-2Y_20250526,Generation R,Years 0-4 (Phase 2),Hands on measurements and ultrasounds,Generation R > Years 0-4 (Phase 2) > Hands on measurements and ultrasounds > Growth 0-4 years,https://p-epi-wiki.erasmusmc.nl/wiki/data/shop.php?wiki=genrwiki&item=002674,Vincent Jaddoe,
Child_Hearing_NeonatalScreening_20250530,Generation R,Years 0-4 (Phase 2),Hands on measurements and ultrasounds,Generation R > Years 0-4 (Phase 2) > Hands on measurements and ultrasounds > Hearing 0-4 years,https://p-epi-wiki.erasmusmc.nl/wiki/data/shop.php?wiki=genrwiki&item=001755,Marc van der Schroeff,
Child_HomeObservation_HomeVisit0Y_20251002,Generation R,Years 0-4 (Phase 2),Hands on measurements and ultrasounds,Generation R > Years 0-4 (Phase 2) > Hands on measurements and ultrasounds > Home observation 0-4 years,https://p-epi-wiki.erasmusmc.nl/wiki/data/shop.php?wiki=genrwiki&item=002643,"Pauline Jansen, Manon Hillegers",
script_Child_HomeObservation_HomeVisit0Y_20251002,Generation R,Years 0-4 (Phase 2),Hands on measurements and ultrasounds,Generation R > Years 0-4 (Phase 2) > Hands on measurements and ultrasounds > Home observation 0-4 years,https://p-epi-wiki.erasmusmc.nl/wiki/data/shop.php?wiki=genrwiki&item=002642,,
Child_Accelerometer_FocusVisit24M_20251002,Generation R,Years 0-4 (Phase 2),Hands on measurements and ultrasounds,Generation R > Years 0-4 (Phase 2) > Hands on measurements and ultrasounds > Movement 24 months,https://p-epi-wiki.erasmusmc.nl/wiki/data/shop.php?wiki=genrwiki&item=002650,Liesbeth Duijts,
Child_Prechtl_HomeVisit0Y_20251002,Generation R,Years 0-4 (Phase 2),Hands on measurements and ultrasounds,Generation R > Years 0-4 (Phase 2) > Hands on measurements and ultrasounds > Prechtl 0-4 years,https://p-epi-wiki.erasmusmc.nl/wiki/data/shop.php?wiki=genrwiki&item=002652,"Pauline Jansen, Manon Hillegers",
Child_Prechtl_0-14M_20251002,Generation R,Years 0-4 (Phase 2),Hands on measurements and ultrasounds,Generation R > Years 0-4 (Phase 2) > Hands on measurements and ultrasounds > Prechtl 0-4 years,https://p-epi-wiki.erasmusmc.nl/wiki/data/shop.php?wiki=genrwiki&item=002651,"Pauline Jansen, Manon Hillegers",
Child_USAbdomen_1-2Y_20250530,Generation R,Years 0-4 (Phase 2),Hands on measurements and ultrasounds,Generation R > Years 0-4 (Phase 2) > Hands on measurements and ultrasounds > Ultrasound 0-4 years,https://p-epi-wiki.erasmusmc.nl/wiki/data/shop.php?wiki=genrwiki&item=002990,Vincent Jaddoe,
Child_USHeart_0-2Y_20250530,Generation R,Years 0-4 (Phase 2),Hands on measurements and ultrasounds,Generation R > Years 0-4 (Phase 2) > Hands on measurements and ultrasounds > Ultrasound 0-4 years,https://p-epi-wiki.erasmusmc.nl/wiki/data/shop.php?wiki=genrwiki&item=002992,Vincent Jaddoe,
Child_USKidney_Pregnancy-0-2Y_20250521,Generation R,Years 0-4 (Phase 2),Hands on measurements and ultrasounds,Generation R > Years 0-4 (Phase 2) > Hands on measurements and ultrasounds > Ultrasound 0-4 years,https://p-epi-wiki.erasmusmc.nl/wiki/data/shop.php?wiki=genrwiki&item=002991,Vincent Jaddoe,
Mother_BSI_GR1019_20250918,Generation R,Years 0-4 (Phase 2),Questionnaires,Generation R > Years 0-4 (Phase 2) > Questionnaires > Parental behaviour combined 0-4 years,https://p-epi-wiki.erasmusmc.nl/wiki/data/shop.php?wiki=genrwiki&item=002397,,
Mother_BSI_GR1024_20250918,Generation R,Years 0-4 (Phase 2),Questionnaires,Generation R > Years 0-4 (Phase 2) > Questionnaires > Parental behaviour combined 0-4 years,https://p-epi-wiki.erasmusmc.nl/wiki/data/shop.php?wiki=genrwiki&item=002411,,
Parent_BSI_Quest36M_20250918,Generation R,Years 0-4 (Phase 2),Questionnaires,Generation R > Years 0-4 (Phase 2) > Questionnaires > Parental behaviour combined 0-4 years,https://p-epi-wiki.erasmusmc.nl/wiki/data/shop.php?wiki=genrwiki&item=002501,,
Child_CBCL_Quest36M_20250918,Generation R,Years 0-4 (Phase 2),Questionnaires,Generation R > Years 0-4 (Phase 2) > Questionnaires > Child behaviour combined 0-4 years,https://p-epi-wiki.erasmusmc.nl/wiki/data/shop.php?wiki=genrwiki&item=002500,,
Child_EarlyLifeStress_Pregnancy_20250919,Generation R,Years 0-4 (Phase 2),Questionnaires,Generation R > Years 0-4 (Phase 2) > Questionnaires > Child behaviour combined 0-4 years,https://p-epi-wiki.erasmusmc.nl/wiki/data/shop.php?wiki=genrwiki&item=002502,,
Child_EarlyLifeStress_Postnatal_20250919,Generation R,Years 0-4 (Phase 2),Questionnaires,Generation R > Years 0-4 (Phase 2) > Questionnaires > Child behaviour combined 0-4 years,https://p-epi-wiki.erasmusmc.nl/wiki/data/shop.php?wiki=genrwiki&item=002503,,
Child_FamilyRegularity_0-4Y_20250919,Generation R,Years 0-4 (Phase 2),Questionnaires,Generation R > Years 0-4 (Phase 2) > Questionnaires > Child behaviour combined 0-4 years,https://p-epi-wiki.erasmusmc.nl/wiki/data/shop.php?wiki=genrwiki&item=002672,,
Child_Sleep_0-3Y_20250919,Generation R,Years 0-4 (Phase 2),Questionnaires,Generation R > Years 0-4 (Phase 2) > Questionnaires > Child behaviour combined 0-4 years,https://p-epi-wiki.erasmusmc.nl/wiki/data/shop.php?wiki=genrwiki&item=002673,,
Child_Breastfeeding_0-2Y_20251002,Generation R,Years 0-4 (Phase 2),Questionnaires,Generation R > Years 0-4 (Phase 2) > Questionnaires > Child breastfeeding combined,https://p-epi-wiki.erasmusmc.nl/wiki/data/shop.php?wiki=genrwiki&item=002692,,
Child_Breastfeeding_GR1060_20251002,Generation R,Years 0-4 (Phase 2),Questionnaires,Generation R > Years 0-4 (Phase 2) > Questionnaires > Child breastfeeding combined,https://p-epi-wiki.erasmusmc.nl/wiki/data/shop.php?wiki=genrwiki&item=002691,,
Child_AirwayComplaintsAtopy_0-4Y_20251002,Generation R,Years 0-4 (Phase 2),Questionnaires,Generation R > Years 0-4 (Phase 2) > Questionnaires > Child disease combined,https://p-epi-wiki.erasmusmc.nl/wiki/data/shop.php?wiki=genrwiki&item=002694,Liesbeth Duijts,
Child_WheezingPatterns_0-4Y_20251002,Generation R,Years 0-4 (Phase 2),Questionnaires,Generation R > Years 0-4 (Phase 2) > Questionnaires > Child disease combined,https://p-epi-wiki.erasmusmc.nl/wiki/data/shop.php?wiki=genrwiki&item=002693,Liesbeth Duijts,
Child_General_GR1018_20250918,Generation R,Years 0-4 (Phase 2),Questionnaires,Generation R > Years 0-4 (Phase 2) > Questionnaires > Child 2 months (GR1018): The first two months - your child > Response & Age,https://p-epi-wiki.erasmusmc.nl/wiki/data/shop.php?wiki=genrwiki&item=002418,,
Child_A_GR1018_20250918,Generation R,Years 0-4 (Phase 2),Questionnaires,Generation R > Years 0-4 (Phase 2) > Questionnaires > Child 2 months (GR1018): The first two months - your child > A. The first days,https://p-epi-wiki.erasmusmc.nl/wiki/data/shop.php?wiki=genrwiki&item=002383,,
Child_B03_GR1018_20250918,Generation R,Years 0-4 (Phase 2),Questionnaires,Generation R > Years 0-4 (Phase 2) > Questionnaires > Child 2 months (GR1018): The first two months - your child > B. Feeding your child,https://p-epi-wiki.erasmusmc.nl/wiki/data/shop.php?wiki=genrwiki&item=002377,,
Child_B06-09_GR1018_20250918,Generation R,Years 0-4 (Phase 2),Questionnaires,Generation R > Years 0-4 (Phase 2) > Questionnaires > Child 2 months (GR1018): The first two months - your child > B. Feeding your child,https://p-epi-wiki.erasmusmc.nl/wiki/data/shop.php?wiki=genrwiki&item=002382,,
Child_C01_GR1018_20250918,Generation R,Years 0-4 (Phase 2),Questionnaires,Generation R > Years 0-4 (Phase 2) > Questionnaires > Child 2 months (GR1018): The first two months - your child > C. Your child's health,https://p-epi-wiki.erasmusmc.nl/wiki/data/shop.php?wiki=genrwiki&item=002378,,
Child_C02-09_GR1018_20250918,Generation R,Years 0-4 (Phase 2),Questionnaires,Generation R > Years 0-4 (Phase 2) > Questionnaires > Child 2 months (GR1018): The first two months - your child > C. Your child's health,https://p-epi-wiki.erasmusmc.nl/wiki/data/shop.php?wiki=genrwiki&item=002385,,
Child_D01-18_GR1018_20250918,Generation R,Years 0-4 (Phase 2),Questionnaires,"Generation R > Years 0-4 (Phase 2) > Questionnaires > Child 2 months (GR1018): The first two months - your child > D. Sleeping, crying and comforting",https://p-epi-wiki.erasmusmc.nl/wiki/data/shop.php?wiki=genrwiki&item=002381,,
Child_Sleep_02M_20260629,Generation R,Years 0-4 (Phase 2),Questionnaires,"Generation R > Years 0-4 (Phase 2) > Questionnaires > Child 2 months (GR1018): The first two months - your child > D. Sleeping, crying and comforting",https://p-epi-wiki.erasmusmc.nl/wiki/data/shop.php?wiki=genrwiki&item=003111,,"(time to bed, wake up time)"
QC_Document_Child_Sleep_02M_20260629,Generation R,Years 0-4 (Phase 2),Questionnaires,"Generation R > Years 0-4 (Phase 2) > Questionnaires > Child 2 months (GR1018): The first two months - your child > D. Sleeping, crying and comforting",https://p-epi-wiki.erasmusmc.nl/wiki/data/shop.php?wiki=genrwiki&item=003110,,
Child_D19_GR1018_20250918,Generation R,Years 0-4 (Phase 2),Questionnaires,"Generation R > Years 0-4 (Phase 2) > Questionnaires > Child 2 months (GR1018): The first two months - your child > D. Sleeping, crying and comforting",https://p-epi-wiki.erasmusmc.nl/wiki/data/shop.php?wiki=genrwiki&item=002380,,
Child_E_GR1018_20250918,Generation R,Years 0-4 (Phase 2),Questionnaires,Generation R > Years 0-4 (Phase 2) > Questionnaires > Child 2 months (GR1018): The first two months - your child > E. Your child's behaviour,https://p-epi-wiki.erasmusmc.nl/wiki/data/shop.php?wiki=genrwiki&item=002379,,
Child_F_GR1018_20250918,Generation R,Years 0-4 (Phase 2),Questionnaires,Generation R > Years 0-4 (Phase 2) > Questionnaires > Child 2 months (GR1018): The first two months - your child > F. Visits to the doctor,https://p-epi-wiki.erasmusmc.nl/wiki/data/shop.php?wiki=genrwiki&item=002376,,
Mother_General_GR1019_20250918,Generation R,Years 0-4 (Phase 2),Questionnaires,Generation R > Years 0-4 (Phase 2) > Questionnaires > Child 2 months (GR1019): The first two months - mother > Response & age,https://p-epi-wiki.erasmusmc.nl/wiki/data/shop.php?wiki=genrwiki&item=002409,,
Mother_MaxWeight_GR1019_20250918,Generation R,Years 0-4 (Phase 2),Questionnaires,Generation R > Years 0-4 (Phase 2) > Questionnaires > Child 2 months (GR1019): The first two months - mother > A. The pregancy and child birth,https://p-epi-wiki.erasmusmc.nl/wiki/data/shop.php?wiki=genrwiki&item=002400,,
Mother_A05_GR1019_20250918,Generation R,Years 0-4 (Phase 2),Questionnaires,Generation R > Years 0-4 (Phase 2) > Questionnaires > Child 2 months (GR1019): The first two months - mother > A. The pregancy and child birth,https://p-epi-wiki.erasmusmc.nl/wiki/data/shop.php?wiki=genrwiki&item=002399,,
Mother_A06-10_GR1019_20250918,Generation R,Years 0-4 (Phase 2),Questionnaires,Generation R > Years 0-4 (Phase 2) > Questionnaires > Child 2 months (GR1019): The first two months - mother > A. The pregancy and child birth,https://p-epi-wiki.erasmusmc.nl/wiki/data/shop.php?wiki=genrwiki&item=002402,,
Mother_A14-15_GR1019_20250918,Generation R,Years 0-4 (Phase 2),Questionnaires,Generation R > Years 0-4 (Phase 2) > Questionnaires > Child 2 months (GR1019): The first two months - mother > A. The pregancy and child birth,https://p-epi-wiki.erasmusmc.nl/wiki/data/shop.php?wiki=genrwiki&item=002401,,
Mother_B02-07_GR1019_20250918,Generation R,Years 0-4 (Phase 2),Questionnaires,Generation R > Years 0-4 (Phase 2) > Questionnaires > Child 2 months (GR1019): The first two months - mother > B. Breastfeeding,https://p-epi-wiki.erasmusmc.nl/wiki/data/shop.php?wiki=genrwiki&item=002403,,
Mother_C01-05_GR1019_20250918,Generation R,Years 0-4 (Phase 2),Questionnaires,Generation R > Years 0-4 (Phase 2) > Questionnaires > Child 2 months (GR1019): The first two months - mother > C. Situation at home,https://p-epi-wiki.erasmusmc.nl/wiki/data/shop.php?wiki=genrwiki&item=002404,,
Mother_C06-09_GR1019_20250918,Generation R,Years 0-4 (Phase 2),Questionnaires,Generation R > Years 0-4 (Phase 2) > Questionnaires > Child 2 months (GR1019): The first two months - mother > C. Situation at home,https://p-epi-wiki.erasmusmc.nl/wiki/data/shop.php?wiki=genrwiki&item=002407,,
Mother_C10-13_GR1019_20250918,Generation R,Years 0-4 (Phase 2),Questionnaires,Generation R > Years 0-4 (Phase 2) > Questionnaires > Child 2 months (GR1019): The first two months - mother > C. Situation at home,https://p-epi-wiki.erasmusmc.nl/wiki/data/shop.php?wiki=genrwiki&item=002408,,
Mother_D_GR1019_20250918,Generation R,Years 0-4 (Phase 2),Questionnaires,Generation R > Years 0-4 (Phase 2) > Questionnaires > Child 2 months (GR1019): The first two months - mother > D. Mother's health,https://p-epi-wiki.erasmusmc.nl/wiki/data/shop.php?wiki=genrwiki&item=002405,,
Mother_E_GR1019_20250918,Generation R,Years 0-4 (Phase 2),Questionnaires,Generation R > Years 0-4 (Phase 2) > Questionnaires > Child 2 months (GR1019): The first two months - mother > E. Mother's feelings and emotions,https://p-epi-wiki.erasmusmc.nl/wiki/data/shop.php?wiki=genrwiki&item=002406,,
,Generation R,Years 0-4 (Phase 2),Questionnaires,Generation R > Years 0-4 (Phase 2) > Questionnaires > Child 2 months (GR1027): Unexpected syptoms occuring the first two months after birth,,,
Child_General_GR1025_20250918,Generation R,Years 0-4 (Phase 2),Questionnaires,Generation R > Years 0-4 (Phase 2) > Questionnaires > Child 6 months (GR1025): The first six months - your child > Response & age,https://p-epi-wiki.erasmusmc.nl/wiki/data/shop.php?wiki=genrwiki&item=002417,,
Child_A03-15_GR1025_20250918,Generation R,Years 0-4 (Phase 2),Questionnaires,Generation R > Years 0-4 (Phase 2) > Questionnaires > Child 6 months (GR1025): The first six months - your child > A. Feeding your child,https://p-epi-wiki.erasmusmc.nl/wiki/data/shop.php?wiki=genrwiki&item=002387,,
Child_B_GR1025_20250918,Generation R,Years 0-4 (Phase 2),Questionnaires,Generation R > Years 0-4 (Phase 2) > Questionnaires > Child 6 months (GR1025): The first six months - your child > B. Fever and your child,https://p-epi-wiki.erasmusmc.nl/wiki/data/shop.php?wiki=genrwiki&item=002388,,
Child_C_GR1025_20250918,Generation R,Years 0-4 (Phase 2),Questionnaires,Generation R > Years 0-4 (Phase 2) > Questionnaires > Child 6 months (GR1025): The first six months - your child > C. Your child's health,https://p-epi-wiki.erasmusmc.nl/wiki/data/shop.php?wiki=genrwiki&item=002389,,
Child_D_GR1025_20250918,Generation R,Years 0-4 (Phase 2),Questionnaires,"Generation R > Years 0-4 (Phase 2) > Questionnaires > Child 6 months (GR1025): The first six months - your child > D. Distress, coughing and sneezing",https://p-epi-wiki.erasmusmc.nl/wiki/data/shop.php?wiki=genrwiki&item=002390,,
Child_E_GR1025_20250918,Generation R,Years 0-4 (Phase 2),Questionnaires,Generation R > Years 0-4 (Phase 2) > Questionnaires > Child 6 months (GR1025): The first six months - your child > E. Accidents,https://p-epi-wiki.erasmusmc.nl/wiki/data/shop.php?wiki=genrwiki&item=002391,,
Child_F01-11_GR1025_20250918,Generation R,Years 0-4 (Phase 2),Questionnaires,"Generation R > Years 0-4 (Phase 2) > Questionnaires > Child 6 months (GR1025): The first six months - your child > F. Sleeping, crying and comforting",https://p-epi-wiki.erasmusmc.nl/wiki/data/shop.php?wiki=genrwiki&item=002392,,
Child_IBQ-R_GR1025_20250918,Generation R,Years 0-4 (Phase 2),Questionnaires,"Generation R > Years 0-4 (Phase 2) > Questionnaires > Child 6 months (GR1025): The first six months - your child > F. Sleeping, crying and comforting",https://p-epi-wiki.erasmusmc.nl/wiki/data/shop.php?wiki=genrwiki&item=002395,,
Child_IDI_GR1025_20250918,Generation R,Years 0-4 (Phase 2),Questionnaires,Generation R > Years 0-4 (Phase 2) > Questionnaires > Child 6 months (GR1025): The first six months - your child > G. Your child's behaviour,https://p-epi-wiki.erasmusmc.nl/wiki/data/shop.php?wiki=genrwiki&item=002386,,
Child_H_GR1025_20250918,Generation R,Years 0-4 (Phase 2),Questionnaires,Generation R > Years 0-4 (Phase 2) > Questionnaires > Child 6 months (GR1025): The first six months - your child > H. Taking care of your child,https://p-epi-wiki.erasmusmc.nl/wiki/data/shop.php?wiki=genrwiki&item=002393,,
Child_I01-07_GR1025_20250918,Generation R,Years 0-4 (Phase 2),Questionnaires,Generation R > Years 0-4 (Phase 2) > Questionnaires > Child 6 months (GR1025): The first six months - your child > I. Contact with a GP or specialist,https://p-epi-wiki.erasmusmc.nl/wiki/data/shop.php?wiki=genrwiki&item=002394,,
Mother_General_GR1024_20250918,Generation R,Years 0-4 (Phase 2),Questionnaires,Generation R > Years 0-4 (Phase 2) > Questionnaires > Child 6 months (GR1024): The first six months - mother > Response & age,https://p-epi-wiki.erasmusmc.nl/wiki/data/shop.php?wiki=genrwiki&item=002419,,
Mother_A_GR1024_20250918,Generation R,Years 0-4 (Phase 2),Questionnaires,Generation R > Years 0-4 (Phase 2) > Questionnaires > Child 6 months (GR1024): The first six months - mother > A. Mother's state of health,https://p-epi-wiki.erasmusmc.nl/wiki/data/shop.php?wiki=genrwiki&item=002416,,
Mother_B_GR1024_20250918,Generation R,Years 0-4 (Phase 2),Questionnaires,Generation R > Years 0-4 (Phase 2) > Questionnaires > Child 6 months (GR1024): The first six months - mother > B. Mother's work,https://p-epi-wiki.erasmusmc.nl/wiki/data/shop.php?wiki=genrwiki&item=002414,,
Mother_C_GR1024_20250918,Generation R,Years 0-4 (Phase 2),Questionnaires,Generation R > Years 0-4 (Phase 2) > Questionnaires > Child 6 months (GR1024): The first six months - mother > C. Mother's social life,https://p-epi-wiki.erasmusmc.nl/wiki/data/shop.php?wiki=genrwiki&item=002412,,
Mother_D01-08_GR1024_20250918,Generation R,Years 0-4 (Phase 2),Questionnaires,Generation R > Years 0-4 (Phase 2) > Questionnaires > Child 6 months (GR1024): The first six months - mother > D. The situation at home,https://p-epi-wiki.erasmusmc.nl/wiki/data/shop.php?wiki=genrwiki&item=002415,,
Mother_D09-15_GR1024_20250918,Generation R,Years 0-4 (Phase 2),Questionnaires,Generation R > Years 0-4 (Phase 2) > Questionnaires > Child 6 months (GR1024): The first six months - mother > D. The situation at home,https://p-epi-wiki.erasmusmc.nl/wiki/data/shop.php?wiki=genrwiki&item=002413,,
,Generation R,Years 0-4 (Phase 2),Questionnaires,Generation R > Years 0-4 (Phase 2) > Questionnaires > Child 6 months (GR1053): Unexpected syptoms occuring the first six months after birth,,,
Child_General_GR1028_20250918,Generation R,Years 0-4 (Phase 2),Questionnaires,Generation R > Years 0-4 (Phase 2) > Questionnaires > Child 12 months (GR1028): My first year in generation R > Response and age,https://p-epi-wiki.erasmusmc.nl/wiki/data/shop.php?wiki=genrwiki&item=002429,,
Child_A01-17_GR1028_20250918,Generation R,Years 0-4 (Phase 2),Questionnaires,Generation R > Years 0-4 (Phase 2) > Questionnaires > Child 12 months (GR1028): My first year in generation R > A. Feeding,https://p-epi-wiki.erasmusmc.nl/wiki/data/shop.php?wiki=genrwiki&item=002428,,
Child_B_GR1028_20250918,Generation R,Years 0-4 (Phase 2),Questionnaires,Generation R > Years 0-4 (Phase 2) > Questionnaires > Child 12 months (GR1028): My first year in generation R > B. Health,https://p-epi-wiki.erasmusmc.nl/wiki/data/shop.php?wiki=genrwiki&item=002421,,
Child_C_GR1028_20250918,Generation R,Years 0-4 (Phase 2),Questionnaires,Generation R > Years 0-4 (Phase 2) > Questionnaires > Child 12 months (GR1028): My first year in generation R > C. Fever,https://p-epi-wiki.erasmusmc.nl/wiki/data/shop.php?wiki=genrwiki&item=002422,,
Child_D_GR1028_20250918,Generation R,Years 0-4 (Phase 2),Questionnaires,Generation R > Years 0-4 (Phase 2) > Questionnaires > Child 12 months (GR1028): My first year in generation R > D. Difficulty breathing and coughing,https://p-epi-wiki.erasmusmc.nl/wiki/data/shop.php?wiki=genrwiki&item=002425,,
Child_E_GR1028_20250918,Generation R,Years 0-4 (Phase 2),Questionnaires,Generation R > Years 0-4 (Phase 2) > Questionnaires > Child 12 months (GR1028): My first year in generation R > E. Contact with the GP or specialist,https://p-epi-wiki.erasmusmc.nl/wiki/data/shop.php?wiki=genrwiki&item=002424,,
Child_F01-03_GR1028_20250918,Generation R,Years 0-4 (Phase 2),Questionnaires,Generation R > Years 0-4 (Phase 2) > Questionnaires > Child 12 months (GR1028): My first year in generation R > F. Development and behaviour,https://p-epi-wiki.erasmusmc.nl/wiki/data/shop.php?wiki=genrwiki&item=002423,,
Child_F04-14_GR1028_20250918,Generation R,Years 0-4 (Phase 2),Questionnaires,Generation R > Years 0-4 (Phase 2) > Questionnaires > Child 12 months (GR1028): My first year in generation R > F. Development and behaviour,https://p-epi-wiki.erasmusmc.nl/wiki/data/shop.php?wiki=genrwiki&item=002427,,
Child_G_GR1028_20250918,Generation R,Years 0-4 (Phase 2),Questionnaires,Generation R > Years 0-4 (Phase 2) > Questionnaires > Child 12 months (GR1028): My first year in generation R > G. Crying,https://p-epi-wiki.erasmusmc.nl/wiki/data/shop.php?wiki=genrwiki&item=002420,,
Child_H01-05_GR1028_20250918,Generation R,Years 0-4 (Phase 2),Questionnaires,Generation R > Years 0-4 (Phase 2) > Questionnaires > Child 12 months (GR1028): My first year in generation R > H. Care,https://p-epi-wiki.erasmusmc.nl/wiki/data/shop.php?wiki=genrwiki&item=002426,,
,Generation R,Years 0-4 (Phase 2),Questionnaires,Generation R > Years 0-4 (Phase 2) > Questionnaires > Child 12 months (GR1058): Unexpected syptoms occuring in the first year,,,
Child_FFQ-General_01Y_20251006,Generation R,Years 0-4 (Phase 2),Questionnaires,Generation R > Years 0-4 (Phase 2) > Questionnaires > Child 12 months (GR1060): Nutrition child - one year,https://p-epi-wiki.erasmusmc.nl/wiki/data/shop.php?wiki=genrwiki&item=002764,,
Child_FFQ_01Y_20251006,Generation R,Years 0-4 (Phase 2),Questionnaires,Generation R > Years 0-4 (Phase 2) > Questionnaires > Child 12 months (GR1060): Nutrition child - one year,https://p-epi-wiki.erasmusmc.nl/wiki/data/shop.php?wiki=genrwiki&item=002769,Vincent Jaddoe,
Child_FFQ-DietScore_01Y_20251006,Generation R,Years 0-4 (Phase 2),Questionnaires,Generation R > Years 0-4 (Phase 2) > Questionnaires > Child 12 months (GR1060): Nutrition child - one year,https://p-epi-wiki.erasmusmc.nl/wiki/data/shop.php?wiki=genrwiki&item=002765,Vincent Jaddoe,
Child_FFQ-EatingPattern_01Y_20251006,Generation R,Years 0-4 (Phase 2),Questionnaires,Generation R > Years 0-4 (Phase 2) > Questionnaires > Child 12 months (GR1060): Nutrition child - one year,https://p-epi-wiki.erasmusmc.nl/wiki/data/shop.php?wiki=genrwiki&item=002766,Vincent Jaddoe,
Child_FFQ-NutrientsAminoacids_01Y_20251006,Generation R,Years 0-4 (Phase 2),Questionnaires,Generation R > Years 0-4 (Phase 2) > Questionnaires > Child 12 months (GR1060): Nutrition child - one year,https://p-epi-wiki.erasmusmc.nl/wiki/data/shop.php?wiki=genrwiki&item=002767,Vincent Jaddoe,
Child_General_GR1029_20250918,Generation R,Years 0-4 (Phase 2),Questionnaires,"Generation R > Years 0-4 (Phase 2) > Questionnaires > Child 18 months (GR1029): My 1,5 year old toddler > Reponse & Age",https://p-epi-wiki.erasmusmc.nl/wiki/data/shop.php?wiki=genrwiki&item=002480,,
Child_CBCL_GR1029_20250918,Generation R,Years 0-4 (Phase 2),Questionnaires,"Generation R > Years 0-4 (Phase 2) > Questionnaires > Child 18 months (GR1029): My 1,5 year old toddler > A. Development and behaviour",https://p-epi-wiki.erasmusmc.nl/wiki/data/shop.php?wiki=genrwiki&item=002477,,
Child_IDI_GR1029_20250918,Generation R,Years 0-4 (Phase 2),Questionnaires,"Generation R > Years 0-4 (Phase 2) > Questionnaires > Child 18 months (GR1029): My 1,5 year old toddler > A. Development and behaviour",https://p-epi-wiki.erasmusmc.nl/wiki/data/shop.php?wiki=genrwiki&item=002479,,
Child_NOSI-K_GR1029_20250905,Generation R,Years 0-4 (Phase 2),Questionnaires,"Generation R > Years 0-4 (Phase 2) > Questionnaires > Child 18 months (GR1029): My 1,5 year old toddler > B. Upbringing",https://p-epi-wiki.erasmusmc.nl/wiki/data/shop.php?wiki=genrwiki&item=002228,,
Child_C_GR1029_20250918,Generation R,Years 0-4 (Phase 2),Questionnaires,"Generation R > Years 0-4 (Phase 2) > Questionnaires > Child 18 months (GR1029): My 1,5 year old toddler > C. Use and understanding of language",https://p-epi-wiki.erasmusmc.nl/wiki/data/shop.php?wiki=genrwiki&item=002476,,
Child_D_GR1029_20250918,Generation R,Years 0-4 (Phase 2),Questionnaires,"Generation R > Years 0-4 (Phase 2) > Questionnaires > Child 18 months (GR1029): My 1,5 year old toddler > D. Accidents",https://p-epi-wiki.erasmusmc.nl/wiki/data/shop.php?wiki=genrwiki&item=002478,,
Child_General_GR1032_20250918,Generation R,Years 0-4 (Phase 2),Questionnaires,Generation R > Years 0-4 (Phase 2) > Questionnaires > Child 24 months (GR1032): My toddler > Response & age,https://p-epi-wiki.erasmusmc.nl/wiki/data/shop.php?wiki=genrwiki&item=002451,,
Child_A01-02_GR1032_20250918,Generation R,Years 0-4 (Phase 2),Questionnaires,Generation R > Years 0-4 (Phase 2) > Questionnaires > Child 24 months (GR1032): My toddler > A. Health,https://p-epi-wiki.erasmusmc.nl/wiki/data/shop.php?wiki=genrwiki&item=002445,,
Child_A03-07_GR1032_20250918,Generation R,Years 0-4 (Phase 2),Questionnaires,Generation R > Years 0-4 (Phase 2) > Questionnaires > Child 24 months (GR1032): My toddler > A. Health,https://p-epi-wiki.erasmusmc.nl/wiki/data/shop.php?wiki=genrwiki&item=002449,,
Child_A08-09_GR1032_20250918,Generation R,Years 0-4 (Phase 2),Questionnaires,Generation R > Years 0-4 (Phase 2) > Questionnaires > Child 24 months (GR1032): My toddler > A. Health,https://p-epi-wiki.erasmusmc.nl/wiki/data/shop.php?wiki=genrwiki&item=002450,,
Child_A10_GR1032_20250918,Generation R,Years 0-4 (Phase 2),Questionnaires,Generation R > Years 0-4 (Phase 2) > Questionnaires > Child 24 months (GR1032): My toddler > A. Health,https://p-epi-wiki.erasmusmc.nl/wiki/data/shop.php?wiki=genrwiki&item=002447,,
Child_A11-14_GR1032_20250918,Generation R,Years 0-4 (Phase 2),Questionnaires,Generation R > Years 0-4 (Phase 2) > Questionnaires > Child 24 months (GR1032): My toddler > A. Health,https://p-epi-wiki.erasmusmc.nl/wiki/data/shop.php?wiki=genrwiki&item=002446,,
Child_A15_GR1032_20250918,Generation R,Years 0-4 (Phase 2),Questionnaires,Generation R > Years 0-4 (Phase 2) > Questionnaires > Child 24 months (GR1032): My toddler > A. Health,https://p-epi-wiki.erasmusmc.nl/wiki/data/shop.php?wiki=genrwiki&item=002448,,
Child_B01-03_GR1032_20250918,Generation R,Years 0-4 (Phase 2),Questionnaires,Generation R > Years 0-4 (Phase 2) > Questionnaires > Child 24 months (GR1032): My toddler > B. Fever,https://p-epi-wiki.erasmusmc.nl/wiki/data/shop.php?wiki=genrwiki&item=002443,,
Child_C01-12_GR1032_20250918,Generation R,Years 0-4 (Phase 2),Questionnaires,Generation R > Years 0-4 (Phase 2) > Questionnaires > Child 24 months (GR1032): My toddler > C. Tightness of the chest and coughing,https://p-epi-wiki.erasmusmc.nl/wiki/data/shop.php?wiki=genrwiki&item=002444,,
Child_D01_GR1032_20250918,Generation R,Years 0-4 (Phase 2),Questionnaires,Generation R > Years 0-4 (Phase 2) > Questionnaires > Child 24 months (GR1032): My toddler > D. Pain and the perception of pain,https://p-epi-wiki.erasmusmc.nl/wiki/data/shop.php?wiki=genrwiki&item=002431,,
Child_D02_GR1032_20250918,Generation R,Years 0-4 (Phase 2),Questionnaires,Generation R > Years 0-4 (Phase 2) > Questionnaires > Child 24 months (GR1032): My toddler > D. Pain and the perception of pain,https://p-epi-wiki.erasmusmc.nl/wiki/data/shop.php?wiki=genrwiki&item=002434,,
Child_D03-13_GR1032_20250918,Generation R,Years 0-4 (Phase 2),Questionnaires,Generation R > Years 0-4 (Phase 2) > Questionnaires > Child 24 months (GR1032): My toddler > D. Pain and the perception of pain,https://p-epi-wiki.erasmusmc.nl/wiki/data/shop.php?wiki=genrwiki&item=002435,,
Child_D14-15_GR1032_20250918,Generation R,Years 0-4 (Phase 2),Questionnaires,Generation R > Years 0-4 (Phase 2) > Questionnaires > Child 24 months (GR1032): My toddler > D. Pain and the perception of pain,https://p-epi-wiki.erasmusmc.nl/wiki/data/shop.php?wiki=genrwiki&item=002432,,
Child_D16-19_GR1032_20250918,Generation R,Years 0-4 (Phase 2),Questionnaires,Generation R > Years 0-4 (Phase 2) > Questionnaires > Child 24 months (GR1032): My toddler > D. Pain and the perception of pain,https://p-epi-wiki.erasmusmc.nl/wiki/data/shop.php?wiki=genrwiki&item=002430,,
Child_E01-02_GR1032_20250918,Generation R,Years 0-4 (Phase 2),Questionnaires,Generation R > Years 0-4 (Phase 2) > Questionnaires > Child 24 months (GR1032): My toddler > E. Development and behaviour,https://p-epi-wiki.erasmusmc.nl/wiki/data/shop.php?wiki=genrwiki&item=002433,,
Child_E03_GR1032_20250918,Generation R,Years 0-4 (Phase 2),Questionnaires,Generation R > Years 0-4 (Phase 2) > Questionnaires > Child 24 months (GR1032): My toddler > E. Development and behaviour,https://p-epi-wiki.erasmusmc.nl/wiki/data/shop.php?wiki=genrwiki&item=002438,,
Child_E04-11_GR1032_20250918,Generation R,Years 0-4 (Phase 2),Questionnaires,Generation R > Years 0-4 (Phase 2) > Questionnaires > Child 24 months (GR1032): My toddler > E. Development and behaviour,https://p-epi-wiki.erasmusmc.nl/wiki/data/shop.php?wiki=genrwiki&item=002439,,
Child_E12-21_GR1032_20250918,Generation R,Years 0-4 (Phase 2),Questionnaires,Generation R > Years 0-4 (Phase 2) > Questionnaires > Child 24 months (GR1032): My toddler > E. Development and behaviour,https://p-epi-wiki.erasmusmc.nl/wiki/data/shop.php?wiki=genrwiki&item=002436,,
Child_E22_GR1032_20250918,Generation R,Years 0-4 (Phase 2),Questionnaires,Generation R > Years 0-4 (Phase 2) > Questionnaires > Child 24 months (GR1032): My toddler > E. Development and behaviour,https://p-epi-wiki.erasmusmc.nl/wiki/data/shop.php?wiki=genrwiki&item=002437,,
Child_F01-17_GR1032_20250918,Generation R,Years 0-4 (Phase 2),Questionnaires,Generation R > Years 0-4 (Phase 2) > Questionnaires > Child 24 months (GR1032): My toddler > F. Sleeping and toilet training,https://p-epi-wiki.erasmusmc.nl/wiki/data/shop.php?wiki=genrwiki&item=002440,,
Child_G01-11_GR1032_20250918,Generation R,Years 0-4 (Phase 2),Questionnaires,Generation R > Years 0-4 (Phase 2) > Questionnaires > Child 24 months (GR1032): My toddler > G. Living Conditions,https://p-epi-wiki.erasmusmc.nl/wiki/data/shop.php?wiki=genrwiki&item=002442,,
Child_G13-14_GR1032_20250918,Generation R,Years 0-4 (Phase 2),Questionnaires,Generation R > Years 0-4 (Phase 2) > Questionnaires > Child 24 months (GR1032): My toddler > G. Living Conditions,https://p-epi-wiki.erasmusmc.nl/wiki/data/shop.php?wiki=genrwiki&item=002441,,
Child_FFQ-General_02Y_20251009,Generation R,Years 0-4 (Phase 2),Questionnaires,Generation R > Years 0-4 (Phase 2) > Questionnaires > Child 24 months (GR1064): Nutrition child - two years,https://p-epi-wiki.erasmusmc.nl/wiki/data/shop.php?wiki=genrwiki&item=002774,Vincent Jaddoe,
Child_FFQ_02Y_20251009,Generation R,Years 0-4 (Phase 2),Questionnaires,Generation R > Years 0-4 (Phase 2) > Questionnaires > Child 24 months (GR1064): Nutrition child - two years,https://p-epi-wiki.erasmusmc.nl/wiki/data/shop.php?wiki=genrwiki&item=002772,Vincent Jaddoe,
Child_FFQ-DietScore_02Y_20251006,Generation R,Years 0-4 (Phase 2),Questionnaires,Generation R > Years 0-4 (Phase 2) > Questionnaires > Child 24 months (GR1064): Nutrition child - two years,https://p-epi-wiki.erasmusmc.nl/wiki/data/shop.php?wiki=genrwiki&item=002770,Vincent Jaddoe,
Child_FFQ-EatingPattern_02Y_20251009,Generation R,Years 0-4 (Phase 2),Questionnaires,Generation R > Years 0-4 (Phase 2) > Questionnaires > Child 24 months (GR1064): Nutrition child - two years,https://p-epi-wiki.erasmusmc.nl/wiki/data/shop.php?wiki=genrwiki&item=002771,Vincent Jaddoe,
Child_FFQ-NutrientsAminoacids_02Y_20251009,Generation R,Years 0-4 (Phase 2),Questionnaires,Generation R > Years 0-4 (Phase 2) > Questionnaires > Child 24 months (GR1064): Nutrition child - two years,https://p-epi-wiki.erasmusmc.nl/wiki/data/shop.php?wiki=genrwiki&item=002773,Vincent Jaddoe,
,Generation R,Years 0-4 (Phase 2),Questionnaires,Generation R > Years 0-4 (Phase 2) > Questionnaires > Child 24 months (GR1059): Unexpected syptoms occuring in the second year,,,
Child_Language_GR1062_20250915,Generation R,Years 0-4 (Phase 2),Questionnaires,Generation R > Years 0-4 (Phase 2) > Questionnaires > Child 30 months (GR1062): My toddler’s development,https://p-epi-wiki.erasmusmc.nl/wiki/data/shop.php?wiki=genrwiki&item=002549,,
Child_PARCA_GR1062_20250915,Generation R,Years 0-4 (Phase 2),Questionnaires,Generation R > Years 0-4 (Phase 2) > Questionnaires > Child 30 months (GR1062): My toddler’s development,https://p-epi-wiki.erasmusmc.nl/wiki/data/shop.php?wiki=genrwiki&item=002550,,
Child_General_GR1065_20250918,Generation R,Years 0-4 (Phase 2),Questionnaires,Generation R > Years 0-4 (Phase 2) > Questionnaires > Child 36 months (GR1065): My three-year-old child > Response & Age,https://p-epi-wiki.erasmusmc.nl/wiki/data/shop.php?wiki=genrwiki&item=002452,,
Child_A01-03_GR1065_20250918,Generation R,Years 0-4 (Phase 2),Questionnaires,Generation R > Years 0-4 (Phase 2) > Questionnaires > Child 36 months (GR1065): My three-year-old child > A. Health,https://p-epi-wiki.erasmusmc.nl/wiki/data/shop.php?wiki=genrwiki&item=002474,,
Child_A04_GR1065_20250918,Generation R,Years 0-4 (Phase 2),Questionnaires,Generation R > Years 0-4 (Phase 2) > Questionnaires > Child 36 months (GR1065): My three-year-old child > A. Health,https://p-epi-wiki.erasmusmc.nl/wiki/data/shop.php?wiki=genrwiki&item=002471,,
Child_A05-06_GR1065_20250918,Generation R,Years 0-4 (Phase 2),Questionnaires,Generation R > Years 0-4 (Phase 2) > Questionnaires > Child 36 months (GR1065): My three-year-old child > A. Health,https://p-epi-wiki.erasmusmc.nl/wiki/data/shop.php?wiki=genrwiki&item=002472,,
Child_A07-09_GR1065_20250918,Generation R,Years 0-4 (Phase 2),Questionnaires,Generation R > Years 0-4 (Phase 2) > Questionnaires > Child 36 months (GR1065): My three-year-old child > A. Health,https://p-epi-wiki.erasmusmc.nl/wiki/data/shop.php?wiki=genrwiki&item=002473,,
Child_A10_GR1065_20250918,Generation R,Years 0-4 (Phase 2),Questionnaires,Generation R > Years 0-4 (Phase 2) > Questionnaires > Child 36 months (GR1065): My three-year-old child > A. Health,https://p-epi-wiki.erasmusmc.nl/wiki/data/shop.php?wiki=genrwiki&item=002475,,
Child_A11-22_GR1065_20250918,Generation R,Years 0-4 (Phase 2),Questionnaires,Generation R > Years 0-4 (Phase 2) > Questionnaires > Child 36 months (GR1065): My three-year-old child > A. Health,https://p-epi-wiki.erasmusmc.nl/wiki/data/shop.php?wiki=genrwiki&item=002469,,
Child_A23-27_GR1065_20250918,Generation R,Years 0-4 (Phase 2),Questionnaires,Generation R > Years 0-4 (Phase 2) > Questionnaires > Child 36 months (GR1065): My three-year-old child > A. Health,https://p-epi-wiki.erasmusmc.nl/wiki/data/shop.php?wiki=genrwiki&item=002470,,
Child_B01-03_GR1065_20250918,Generation R,Years 0-4 (Phase 2),Questionnaires,Generation R > Years 0-4 (Phase 2) > Questionnaires > Child 36 months (GR1065): My three-year-old child > B. Fever,https://p-epi-wiki.erasmusmc.nl/wiki/data/shop.php?wiki=genrwiki&item=002461,,
Child_C01-10_GR1065_20250918,Generation R,Years 0-4 (Phase 2),Questionnaires,Generation R > Years 0-4 (Phase 2) > Questionnaires > Child 36 months (GR1065): My three-year-old child > C. Tightness of the chest and coughing,https://p-epi-wiki.erasmusmc.nl/wiki/data/shop.php?wiki=genrwiki&item=002460,,
Child_D01-14_GR1065_20250918,Generation R,Years 0-4 (Phase 2),Questionnaires,Generation R > Years 0-4 (Phase 2) > Questionnaires > Child 36 months (GR1065): My three-year-old child > D. Pain and the perception of pain,https://p-epi-wiki.erasmusmc.nl/wiki/data/shop.php?wiki=genrwiki&item=002453,,
Child_E01_GR1065_20250918,Generation R,Years 0-4 (Phase 2),Questionnaires,Generation R > Years 0-4 (Phase 2) > Questionnaires > Child 36 months (GR1065): My three-year-old child > E. Development and behaviour,https://p-epi-wiki.erasmusmc.nl/wiki/data/shop.php?wiki=genrwiki&item=002454,,
Child_E03-07_GR1065_20250918,Generation R,Years 0-4 (Phase 2),Questionnaires,Generation R > Years 0-4 (Phase 2) > Questionnaires > Child 36 months (GR1065): My three-year-old child > E. Development and behaviour,https://p-epi-wiki.erasmusmc.nl/wiki/data/shop.php?wiki=genrwiki&item=002458,,
Child_F_GR1065_20250919,Generation R,Years 0-4 (Phase 2),Questionnaires,Generation R > Years 0-4 (Phase 2) > Questionnaires > Child 36 months (GR1065): My three-year-old child > F. Upbringing and haviour,https://p-epi-wiki.erasmusmc.nl/wiki/data/shop.php?wiki=genrwiki&item=002506,,
Child_G02_GR1065_20250918,Generation R,Years 0-4 (Phase 2),Questionnaires,Generation R > Years 0-4 (Phase 2) > Questionnaires > Child 36 months (GR1065): My three-year-old child > G. My own situation,https://p-epi-wiki.erasmusmc.nl/wiki/data/shop.php?wiki=genrwiki&item=002457,,
Child_G03-06_GR1065_20250918,Generation R,Years 0-4 (Phase 2),Questionnaires,Generation R > Years 0-4 (Phase 2) > Questionnaires > Child 36 months (GR1065): My three-year-old child > G. My own situation,https://p-epi-wiki.erasmusmc.nl/wiki/data/shop.php?wiki=genrwiki&item=002459,,
Child_H01_GR1065_20250918,Generation R,Years 0-4 (Phase 2),Questionnaires,Generation R > Years 0-4 (Phase 2) > Questionnaires > Child 36 months (GR1065): My three-year-old child > H. Visits to the doctor,https://p-epi-wiki.erasmusmc.nl/wiki/data/shop.php?wiki=genrwiki&item=002456,,
Child_X05_GR1065_20250918,Generation R,Years 0-4 (Phase 2),Questionnaires,Generation R > Years 0-4 (Phase 2) > Questionnaires > Child 36 months (GR1065): My three-year-old child > X. General,https://p-epi-wiki.erasmusmc.nl/wiki/data/shop.php?wiki=genrwiki&item=002455,,
Child_General_GR1066_20250918,Generation R,Years 0-4 (Phase 2),Questionnaires,Generation R > Years 0-4 (Phase 2) > Questionnaires > Child 36 months (GR1066): My three-year-old child - Partner > Response & age,https://p-epi-wiki.erasmusmc.nl/wiki/data/shop.php?wiki=genrwiki&item=002481,,
Child_A02-15_GR1066_20250918,Generation R,Years 0-4 (Phase 2),Questionnaires,Generation R > Years 0-4 (Phase 2) > Questionnaires > Child 36 months (GR1066): My three-year-old child - Partner > A. The child's behaviour,https://p-epi-wiki.erasmusmc.nl/wiki/data/shop.php?wiki=genrwiki&item=002482,,
Child_B_GR1066_20250919,Generation R,Years 0-4 (Phase 2),Questionnaires,Generation R > Years 0-4 (Phase 2) > Questionnaires > Child 36 months (GR1066): My three-year-old child - Partner > B. Upbringing,https://p-epi-wiki.erasmusmc.nl/wiki/data/shop.php?wiki=genrwiki&item=002505,,
,Generation R,Years 0-4 (Phase 2),Questionnaires,Generation R > Years 0-4 (Phase 2) > Questionnaires > Child 36 months (GR1061): Unexpected syptoms occuring in the third year,,,
Child_General_GR1067_20250918,Generation R,Years 0-4 (Phase 2),Questionnaires,Generation R > Years 0-4 (Phase 2) > Questionnaires > Child 48 months (GR1067): My 4-year old child > Age & Response,https://p-epi-wiki.erasmusmc.nl/wiki/data/shop.php?wiki=genrwiki&item=002497,,
Child_SeasonFilledIn_GR1067_20250918,Generation R,Years 0-4 (Phase 2),Questionnaires,Generation R > Years 0-4 (Phase 2) > Questionnaires > Child 48 months (GR1067): My 4-year old child > Age & Response,https://p-epi-wiki.erasmusmc.nl/wiki/data/shop.php?wiki=genrwiki&item=002484,,
Child_A01-05_GR1067_20250918,Generation R,Years 0-4 (Phase 2),Questionnaires,Generation R > Years 0-4 (Phase 2) > Questionnaires > Child 48 months (GR1067): My 4-year old child > A. Health,https://p-epi-wiki.erasmusmc.nl/wiki/data/shop.php?wiki=genrwiki&item=002498,,
Child_A06-10_GR1067_20250918,Generation R,Years 0-4 (Phase 2),Questionnaires,Generation R > Years 0-4 (Phase 2) > Questionnaires > Child 48 months (GR1067): My 4-year old child > A. Health,https://p-epi-wiki.erasmusmc.nl/wiki/data/shop.php?wiki=genrwiki&item=002490,,
Child_A11_GR1067_20250918,Generation R,Years 0-4 (Phase 2),Questionnaires,Generation R > Years 0-4 (Phase 2) > Questionnaires > Child 48 months (GR1067): My 4-year old child > A. Health,https://p-epi-wiki.erasmusmc.nl/wiki/data/shop.php?wiki=genrwiki&item=002496,,
Child_A12-14_GR1067_20250918,Generation R,Years 0-4 (Phase 2),Questionnaires,Generation R > Years 0-4 (Phase 2) > Questionnaires > Child 48 months (GR1067): My 4-year old child > A. Health,https://p-epi-wiki.erasmusmc.nl/wiki/data/shop.php?wiki=genrwiki&item=002495,,
Child_A15_GR1067_20250918,Generation R,Years 0-4 (Phase 2),Questionnaires,Generation R > Years 0-4 (Phase 2) > Questionnaires > Child 48 months (GR1067): My 4-year old child > A. Health,https://p-epi-wiki.erasmusmc.nl/wiki/data/shop.php?wiki=genrwiki&item=002491,,
Child_B01_GR1067_20250918,Generation R,Years 0-4 (Phase 2),Questionnaires,Generation R > Years 0-4 (Phase 2) > Questionnaires > Child 48 months (GR1067): My 4-year old child > B. Welfare,https://p-epi-wiki.erasmusmc.nl/wiki/data/shop.php?wiki=genrwiki&item=002487,,
Child_B02-15_GR1067_20250918,Generation R,Years 0-4 (Phase 2),Questionnaires,Generation R > Years 0-4 (Phase 2) > Questionnaires > Child 48 months (GR1067): My 4-year old child > B. Welfare,https://p-epi-wiki.erasmusmc.nl/wiki/data/shop.php?wiki=genrwiki&item=002486,,
Child_C01-15_GR1067_20250918,Generation R,Years 0-4 (Phase 2),Questionnaires,Generation R > Years 0-4 (Phase 2) > Questionnaires > Child 48 months (GR1067): My 4-year old child > C. Movement,https://p-epi-wiki.erasmusmc.nl/wiki/data/shop.php?wiki=genrwiki&item=002489,,
Child_D01-14_GR1067_20250918,Generation R,Years 0-4 (Phase 2),Questionnaires,Generation R > Years 0-4 (Phase 2) > Questionnaires > Child 48 months (GR1067): My 4-year old child > D. Feeding,https://p-epi-wiki.erasmusmc.nl/wiki/data/shop.php?wiki=genrwiki&item=002492,,
Child_E01-03_GR1067_20250918,Generation R,Years 0-4 (Phase 2),Questionnaires,Generation R > Years 0-4 (Phase 2) > Questionnaires > Child 48 months (GR1067): My 4-year old child > E. Eating Habits,https://p-epi-wiki.erasmusmc.nl/wiki/data/shop.php?wiki=genrwiki&item=002485,,
Child_BRIEF-P_GR1067_20250918,Generation R,Years 0-4 (Phase 2),Questionnaires,Generation R > Years 0-4 (Phase 2) > Questionnaires > Child 48 months (GR1067): My 4-year old child > F. Development and behaviour,https://p-epi-wiki.erasmusmc.nl/wiki/data/shop.php?wiki=genrwiki&item=002483,,
Child_F02-03_GR1067_20250918,Generation R,Years 0-4 (Phase 2),Questionnaires,Generation R > Years 0-4 (Phase 2) > Questionnaires > Child 48 months (GR1067): My 4-year old child > F. Development and behaviour,https://p-epi-wiki.erasmusmc.nl/wiki/data/shop.php?wiki=genrwiki&item=002494,,
Child_G01_GR1067_20250918,Generation R,Years 0-4 (Phase 2),Questionnaires,Generation R > Years 0-4 (Phase 2) > Questionnaires > Child 48 months (GR1067): My 4-year old child > G. Visits to the doctor,https://p-epi-wiki.erasmusmc.nl/wiki/data/shop.php?wiki=genrwiki&item=002493,,
Child_H01-08_GR1067_20250918,Generation R,Years 0-4 (Phase 2),Questionnaires,Generation R > Years 0-4 (Phase 2) > Questionnaires > Child 48 months (GR1067): My 4-year old child > H. Other pregnancies,https://p-epi-wiki.erasmusmc.nl/wiki/data/shop.php?wiki=genrwiki&item=002488,,
,Generation R,Years 0-4 (Phase 2),Questionnaires,Generation R > Years 0-4 (Phase 2) > Questionnaires > Child 48 months (GR1068): Unexpected syptoms occuring in the fourth year,,,
GENR-9523_ap_backextrapolated_preg_post_2021-04-15,Generation R,Years 0-4 (Phase 2),Environment,"Generation R > Years 0-4 (Phase 2) > Environment > Postnatal exposure > Airpollution, created for lifecycle",,Vincent Jaddoe ,
GENRbuiltenvironment_14-05-2020,Generation R,Years 0-4 (Phase 2),Environment,"Generation R > Years 0-4 (Phase 2) > Environment > Postnatal exposure > Other, created for lifecycle",,Vincent Jaddoe ,
GENRUnhealthyfoodenvironment_25112019,Generation R,Years 0-4 (Phase 2),Environment,"Generation R > Years 0-4 (Phase 2) > Environment > Postnatal exposure > Other, created for lifecycle",,Vincent Jaddoe ,
GENRtraffic_25112019,Generation R,Years 0-4 (Phase 2),Environment,"Generation R > Years 0-4 (Phase 2) > Environment > Postnatal exposure > Other, created for lifecycle",,Vincent Jaddoe ,
GENRsocialcontext_25112019,Generation R,Years 0-4 (Phase 2),Environment,"Generation R > Years 0-4 (Phase 2) > Environment > Postnatal exposure > Other, created for lifecycle",,Vincent Jaddoe ,
GENRnoise_25112019,Generation R,Years 0-4 (Phase 2),Environment,"Generation R > Years 0-4 (Phase 2) > Environment > Postnatal exposure > Other, created for lifecycle",,Vincent Jaddoe ,
GENRnaturalspaces_25112019-corrected,Generation R,Years 0-4 (Phase 2),Environment,"Generation R > Years 0-4 (Phase 2) > Environment > Postnatal exposure > Other, created for lifecycle",,Vincent Jaddoe ,
GENR_meteo_27072020,Generation R,Years 0-4 (Phase 2),Environment,"Generation R > Years 0-4 (Phase 2) > Environment > Postnatal exposure > Other, created for lifecycle",,Vincent Jaddoe ,
Child_ATHLETE_UrbExp_air_pollution_101_2024-04-26_GenR_20260312,Generation R,Years 0-4 (Phase 2),Environment,"Generation R > Years 0-4 (Phase 2) > Environment > Postnatal exposure > Urban Exposures, created for ATHLETE (pregnancy/F@13)",,Vincent Jaddoe ,
Child_ATHLETE_UrbExp_built_environment_101_2024-05-08_GenR_20260312,Generation R,Years 0-4 (Phase 2),Environment,"Generation R > Years 0-4 (Phase 2) > Environment > Postnatal exposure > Urban Exposures, created for ATHLETE (pregnancy/F@13)",,Vincent Jaddoe ,
Child_ATHLETE_UrbExp_food_environment_101_2024-04-26_GenR_20260312,Generation R,Years 0-4 (Phase 2),Environment,"Generation R > Years 0-4 (Phase 2) > Environment > Postnatal exposure > Urban Exposures, created for ATHLETE (pregnancy/F@13)",,Vincent Jaddoe ,
Child_ATHLETE_UrbExp_light_at_night_101_2024-04-26_GenR_20260312,Generation R,Years 0-4 (Phase 2),Environment,"Generation R > Years 0-4 (Phase 2) > Environment > Postnatal exposure > Urban Exposures, created for ATHLETE (pregnancy/F@13)",,Vincent Jaddoe ,
Child_ATHLETE_UrbExp_meteo_101_2024-04-26_GenR_20260312,Generation R,Years 0-4 (Phase 2),Environment,"Generation R > Years 0-4 (Phase 2) > Environment > Postnatal exposure > Urban Exposures, created for ATHLETE (pregnancy/F@13)",,Vincent Jaddoe ,
Child_ATHLETE_UrbExp_natural_spaces_101_2024-05-29_GenR_20260312,Generation R,Years 0-4 (Phase 2),Environment,"Generation R > Years 0-4 (Phase 2) > Environment > Postnatal exposure > Urban Exposures, created for ATHLETE (pregnancy/F@13)",,Vincent Jaddoe ,
Child_ATHLETE_UrbExp_noise_101_2024-04-26_GenR_20260312,Generation R,Years 0-4 (Phase 2),Environment,"Generation R > Years 0-4 (Phase 2) > Environment > Postnatal exposure > Urban Exposures, created for ATHLETE (pregnancy/F@13)",,Vincent Jaddoe ,
Child_ATHLETE_UrbExp_social_context_101_2024-05-06_GenR_20260312,Generation R,Years 0-4 (Phase 2),Environment,"Generation R > Years 0-4 (Phase 2) > Environment > Postnatal exposure > Urban Exposures, created for ATHLETE (pregnancy/F@13)",,Vincent Jaddoe ,
Child_ATHLETE_UrbExp_traffic_101_2024-05-08_GenR_20260312,Generation R,Years 0-4 (Phase 2),Environment,"Generation R > Years 0-4 (Phase 2) > Environment > Postnatal exposure > Urban Exposures, created for ATHLETE (pregnancy/F@13)",,Vincent Jaddoe ,
CHILD-NeighbourhoodProfile_02032021.sav,Generation R,Years 0-4 (Phase 2),Environment,Generation R > Years 0-4 (Phase 2) > Environment > Postnatal exposure > Public health,,Wilma Jansen ,
CHILDFoodenvironment_2004-2018_06082020 Download from here,Generation R,Years 0-4 (Phase 2),Environment,Generation R > Years 0-4 (Phase 2) > Environment > Postnatal exposure > Public health,,Frank van Lenthe,
SES_WOA_F13_30102023 General,Generation R,Years 0-4 (Phase 2),Environment,Generation R > Years 0-4 (Phase 2) > Environment > Postnatal exposure > ISGlobal,,,
Child_SES_Multi-0-14Y_20250407,Generation R,Years 0-4 (Phase 2),Environment,Generation R > Years 0-4 (Phase 2) > Environment > Postnatal exposure > ISGlobal,https://p-epi-wiki.erasmusmc.nl/wiki/data/shop.php?wiki=genrwiki&item=001680,General,
Child_ASD_Visit05Y_20250910,Generation R,Years 5-8 (Phase 3),Hands on measurements and ultrasounds,Generation R > Years 5-8 (Phase 3) > Hands on measurements and ultrasounds > Behaviour Focus@5,https://p-epi-wiki.erasmusmc.nl/wiki/data/shop.php?wiki=genrwiki&item=002336,"Pauline Jansen, Manon Hillegers",
Child_BPI_Visit05Y_20250910,Generation R,Years 5-8 (Phase 3),Hands on measurements and ultrasounds,Generation R > Years 5-8 (Phase 3) > Hands on measurements and ultrasounds > Behaviour Focus@5,https://p-epi-wiki.erasmusmc.nl/wiki/data/shop.php?wiki=genrwiki&item=002287,"Pauline Jansen, Manon Hillegers",
Child_LanguageTest_Visit05Y_20250910,Generation R,Years 5-8 (Phase 3),Hands on measurements and ultrasounds,Generation R > Years 5-8 (Phase 3) > Hands on measurements and ultrasounds > Behaviour Focus@5,https://p-epi-wiki.erasmusmc.nl/wiki/data/shop.php?wiki=genrwiki&item=002283,"Pauline Jansen, Manon Hillegers",
Child_MedicationADHD_Visit05Y_20250910,Generation R,Years 5-8 (Phase 3),Hands on measurements and ultrasounds,Generation R > Years 5-8 (Phase 3) > Hands on measurements and ultrasounds > Behaviour Focus@5,https://p-epi-wiki.erasmusmc.nl/wiki/data/shop.php?wiki=genrwiki&item=002289,"Pauline Jansen, Manon Hillegers",
Child_MentalHealthCare_Visit05Y_20250917,Generation R,Years 5-8 (Phase 3),Hands on measurements and ultrasounds,Generation R > Years 5-8 (Phase 3) > Hands on measurements and ultrasounds > Behaviour Focus@5,https://p-epi-wiki.erasmusmc.nl/wiki/data/shop.php?wiki=genrwiki&item=002334,"Pauline Jansen, Manon Hillegers",
Child_SON-R_Visit05Y_20250910,Generation R,Years 5-8 (Phase 3),Hands on measurements and ultrasounds,Generation R > Years 5-8 (Phase 3) > Hands on measurements and ultrasounds > Behaviour Focus@5,https://p-epi-wiki.erasmusmc.nl/wiki/data/shop.php?wiki=genrwiki&item=002285,"Pauline Jansen, Manon Hillegers",
Parent_Cognition_Visit05Y_20250917,Generation R,Years 5-8 (Phase 3),Hands on measurements and ultrasounds,Generation R > Years 5-8 (Phase 3) > Hands on measurements and ultrasounds > Behaviour Focus@5,https://p-epi-wiki.erasmusmc.nl/wiki/data/shop.php?wiki=genrwiki&item=002335,"Pauline Jansen, Manon Hillegers",
Child_EyeMeasurements_Visit05Y_20250910,Generation R,Years 5-8 (Phase 3),Hands on measurements and ultrasounds,Generation R > Years 5-8 (Phase 3) > Hands on measurements and ultrasounds > Eyes Focus@5,https://p-epi-wiki.erasmusmc.nl/wiki/data/shop.php?wiki=genrwiki&item=002305,Caroline Klaver,
Mother_OcularBiometry_Visit05Y_20250917,Generation R,Years 5-8 (Phase 3),Hands on measurements and ultrasounds,Generation R > Years 5-8 (Phase 3) > Hands on measurements and ultrasounds > Eyes Focus@5,https://p-epi-wiki.erasmusmc.nl/wiki/data/shop.php?wiki=genrwiki&item=002340,Caroline Klaver,
Child_FENO_Visit05Y_20250910,Generation R,Years 5-8 (Phase 3),Hands on measurements and ultrasounds,Generation R > Years 5-8 (Phase 3) > Hands on measurements and ultrasounds > Lungs Focus@5,https://p-epi-wiki.erasmusmc.nl/wiki/data/shop.php?wiki=genrwiki&item=002286,Liesbeth Duijts,
Child_LungFunction_Visit05Y_20250910,Generation R,Years 5-8 (Phase 3),Hands on measurements and ultrasounds,Generation R > Years 5-8 (Phase 3) > Hands on measurements and ultrasounds > Lungs Focus@5,https://p-epi-wiki.erasmusmc.nl/wiki/data/shop.php?wiki=genrwiki&item=002284,Liesbeth Duijts,
Child_Age_Visit05Y_20250821,Generation R,Years 5-8 (Phase 3),Hands on measurements and ultrasounds,Generation R > Years 5-8 (Phase 3) > Hands on measurements and ultrasounds > Mother and Child Focus@5,https://p-epi-wiki.erasmusmc.nl/wiki/data/shop.php?wiki=genrwiki&item=003008,,
Child_BloodPressure_Visit05Y_20250910,Generation R,Years 5-8 (Phase 3),Hands on measurements and ultrasounds,Generation R > Years 5-8 (Phase 3) > Hands on measurements and ultrasounds > Mother and Child Focus@5,https://p-epi-wiki.erasmusmc.nl/wiki/data/shop.php?wiki=genrwiki&item=002323,Vincent Jaddoe,
Child_DXATotalBody_Visit05Y_20250910,Generation R,Years 5-8 (Phase 3),Hands on measurements and ultrasounds,Generation R > Years 5-8 (Phase 3) > Hands on measurements and ultrasounds > Mother and Child Focus@5,https://p-epi-wiki.erasmusmc.nl/wiki/data/shop.php?wiki=genrwiki&item=002327,"Vincent Jaddoe, Fernando Rivadeneira",
Child_Growth_Visit05Y_20250910,Generation R,Years 5-8 (Phase 3),Hands on measurements and ultrasounds,Generation R > Years 5-8 (Phase 3) > Hands on measurements and ultrasounds > Mother and Child Focus@5,https://p-epi-wiki.erasmusmc.nl/wiki/data/shop.php?wiki=genrwiki&item=002330,Vincent Jaddoe,
Child_Obesity_Visit05Y_20250910,Generation R,Years 5-8 (Phase 3),Hands on measurements and ultrasounds,Generation R > Years 5-8 (Phase 3) > Hands on measurements and ultrasounds > Mother and Child Focus@5,https://p-epi-wiki.erasmusmc.nl/wiki/data/shop.php?wiki=genrwiki&item=002298,Vincent Jaddoe,
Child_PWV_Visit05Y_20250910,Generation R,Years 5-8 (Phase 3),Hands on measurements and ultrasounds,Generation R > Years 5-8 (Phase 3) > Hands on measurements and ultrasounds > Mother and Child Focus@5,https://p-epi-wiki.erasmusmc.nl/wiki/data/shop.php?wiki=genrwiki&item=002324,Vincent Jaddoe,
Child_RetinalPicture_Visit05Y_20250910,Generation R,Years 5-8 (Phase 3),Hands on measurements and ultrasounds,Generation R > Years 5-8 (Phase 3) > Hands on measurements and ultrasounds > Mother and Child Focus@5,https://p-epi-wiki.erasmusmc.nl/wiki/data/shop.php?wiki=genrwiki&item=002331,Vincent Jaddoe,
Child_USAbdomen_Visit05Y_20250910,Generation R,Years 5-8 (Phase 3),Hands on measurements and ultrasounds,Generation R > Years 5-8 (Phase 3) > Hands on measurements and ultrasounds > Mother and Child Focus@5,https://p-epi-wiki.erasmusmc.nl/wiki/data/shop.php?wiki=genrwiki&item=002325,Vincent Jaddoe,
Child_USHeart_Visit05Y_20250910,Generation R,Years 5-8 (Phase 3),Hands on measurements and ultrasounds,Generation R > Years 5-8 (Phase 3) > Hands on measurements and ultrasounds > Mother and Child Focus@5,https://p-epi-wiki.erasmusmc.nl/wiki/data/shop.php?wiki=genrwiki&item=002328,Vincent Jaddoe,
Child_USKidneys_Visit05Y_20250910,Generation R,Years 5-8 (Phase 3),Hands on measurements and ultrasounds,Generation R > Years 5-8 (Phase 3) > Hands on measurements and ultrasounds > Mother and Child Focus@5,https://p-epi-wiki.erasmusmc.nl/wiki/data/shop.php?wiki=genrwiki&item=002326,Vincent Jaddoe,
Mother_Anthropometry_Visit05Y_20250719,Generation R,Years 5-8 (Phase 3),Hands on measurements and ultrasounds,Generation R > Years 5-8 (Phase 3) > Hands on measurements and ultrasounds > Mother and Child Focus@5,https://p-epi-wiki.erasmusmc.nl/wiki/data/shop.php?wiki=genrwiki&item=002345,Eric Steegers,
Mother_BloodPressure_Visit05Y_20250917,Generation R,Years 5-8 (Phase 3),Hands on measurements and ultrasounds,Generation R > Years 5-8 (Phase 3) > Hands on measurements and ultrasounds > Mother and Child Focus@5,https://p-epi-wiki.erasmusmc.nl/wiki/data/shop.php?wiki=genrwiki&item=002344,Eric Steegers,
Mother_CardiacDisease_Visit05Y_20250917,Generation R,Years 5-8 (Phase 3),Hands on measurements and ultrasounds,Generation R > Years 5-8 (Phase 3) > Hands on measurements and ultrasounds > Mother and Child Focus@5,https://p-epi-wiki.erasmusmc.nl/wiki/data/shop.php?wiki=genrwiki&item=002343,Eric Steegers,
Mother_DXASpine_Visit05Y_20250917,Generation R,Years 5-8 (Phase 3),Hands on measurements and ultrasounds,Generation R > Years 5-8 (Phase 3) > Hands on measurements and ultrasounds > Mother and Child Focus@5,https://p-epi-wiki.erasmusmc.nl/wiki/data/shop.php?wiki=genrwiki&item=002342,Fernando Rivadeneira,
Mother_DXATotalBody_Visit05Y_20250917,Generation R,Years 5-8 (Phase 3),Hands on measurements and ultrasounds,Generation R > Years 5-8 (Phase 3) > Hands on measurements and ultrasounds > Mother and Child Focus@5,https://p-epi-wiki.erasmusmc.nl/wiki/data/shop.php?wiki=genrwiki&item=002341,"Vincent Jaddoe, Fernando Rivadeneira",
Mother_MedicationUse_Visit05Y_20250917,Generation R,Years 5-8 (Phase 3),Hands on measurements and ultrasounds,Generation R > Years 5-8 (Phase 3) > Hands on measurements and ultrasounds > Mother and Child Focus@5,https://p-epi-wiki.erasmusmc.nl/wiki/data/shop.php?wiki=genrwiki&item=002360,Eric Steegers,
Mother_Pregnant_Visit05Y_20250917,Generation R,Years 5-8 (Phase 3),Hands on measurements and ultrasounds,Generation R > Years 5-8 (Phase 3) > Hands on measurements and ultrasounds > Mother and Child Focus@5,https://p-epi-wiki.erasmusmc.nl/wiki/data/shop.php?wiki=genrwiki&item=002359,Eric Steegers,
Mother_PWV_Visit05Y_20250917,Generation R,Years 5-8 (Phase 3),Hands on measurements and ultrasounds,Generation R > Years 5-8 (Phase 3) > Hands on measurements and ultrasounds > Mother and Child Focus@5,https://p-epi-wiki.erasmusmc.nl/wiki/data/shop.php?wiki=genrwiki&item=002358,Eric Steegers,
Mother_RetinalPicture_Visit05Y_20250917,Generation R,Years 5-8 (Phase 3),Hands on measurements and ultrasounds,Generation R > Years 5-8 (Phase 3) > Hands on measurements and ultrasounds > Mother and Child Focus@5,https://p-epi-wiki.erasmusmc.nl/wiki/data/shop.php?wiki=genrwiki&item=002357,Eric Steegers,
Mother_USHeart_Visit05Y_20250917,Generation R,Years 5-8 (Phase 3),Hands on measurements and ultrasounds,Generation R > Years 5-8 (Phase 3) > Hands on measurements and ultrasounds > Mother and Child Focus@5,https://p-epi-wiki.erasmusmc.nl/wiki/data/shop.php?wiki=genrwiki&item=002356,Eric Steegers,
Child_PROPTest_Visit05Y_20250910,Generation R,Years 5-8 (Phase 3),Hands on measurements and ultrasounds,Generation R > Years 5-8 (Phase 3) > Hands on measurements and ultrasounds > Taste Focus@5,https://p-epi-wiki.erasmusmc.nl/wiki/data/shop.php?wiki=genrwiki&item=002332,Amy van Grieken,
Child_TasteTest_Visit05Y_20250910,Generation R,Years 5-8 (Phase 3),Hands on measurements and ultrasounds,Generation R > Years 5-8 (Phase 3) > Hands on measurements and ultrasounds > Taste Focus@5,https://p-epi-wiki.erasmusmc.nl/wiki/data/shop.php?wiki=genrwiki&item=002333,Amy van Grieken,
Child_IntraOralPictureScore_Visit05Y_20250910,Generation R,Years 5-8 (Phase 3),Hands on measurements and ultrasounds,Generation R > Years 5-8 (Phase 3) > Hands on measurements and ultrasounds > Teeth Focus@5,https://p-epi-wiki.erasmusmc.nl/wiki/data/shop.php?wiki=genrwiki&item=002551,Eppo Wolvius,
Child_DISC-IV_6Y_20250718,Generation R,Years 5-8 (Phase 3),Interviews & Questionnaires,Generation R > Years 5-8 (Phase 3) > Interviews & Questionnaires > Child behaviour combined 5-8 years,https://p-epi-wiki.erasmusmc.nl/wiki/data/shop.php?wiki=genrwiki&item=001869,"Pauline Jansen, Manon Hillegers",
Child_Response_Homevisit5Y_20250722,Generation R,Years 5-8 (Phase 3),Interviews & Questionnaires,Generation R > Years 5-8 (Phase 3) > Interviews & Questionnaires > Child behaviour combined 5-8 years,https://p-epi-wiki.erasmusmc.nl/wiki/data/shop.php?wiki=genrwiki&item=001892,"Pauline Jansen, Manon Hillegers",
Child_Peers_2011-2012Y_20250718,Generation R,Years 5-8 (Phase 3),Interviews & Questionnaires,Generation R > Years 5-8 (Phase 3) > Interviews & Questionnaires > Child behaviour combined 5-8 years,https://p-epi-wiki.erasmusmc.nl/wiki/data/shop.php?wiki=genrwiki&item=001871,"Pauline Jansen, Manon Hillegers",
Child_SCQ_HomeVisit05Y_20250804,Generation R,Years 5-8 (Phase 3),Interviews & Questionnaires,Generation R > Years 5-8 (Phase 3) > Interviews & Questionnaires > Child behaviour combined 5-8 years,https://p-epi-wiki.erasmusmc.nl/wiki/data/shop.php?wiki=genrwiki&item=002998,"Pauline Jansen, Manon Hillegers",
Child_TeacherReportBullying_2008-2012Y_20250718,Generation R,Years 5-8 (Phase 3),Interviews & Questionnaires,Generation R > Years 5-8 (Phase 3) > Interviews & Questionnaires > Child behaviour combined 5-8 years,https://p-epi-wiki.erasmusmc.nl/wiki/data/shop.php?wiki=genrwiki&item=001870,"Pauline Jansen, Manon Hillegers",
Child_AtopyLungDiseaseRTI_GR1076_20250805,Generation R,Years 5-8 (Phase 3),Interviews & Questionnaires,Generation R > Years 5-8 (Phase 3) > Interviews & Questionnaires > Child disease combined 5-8 years,https://p-epi-wiki.erasmusmc.nl/wiki/data/shop.php?wiki=genrwiki&item=001895,Liesbeth Duijts,
Child_A_GR1075_20250915,Generation R,Years 5-8 (Phase 3),Interviews & Questionnaires,Generation R > Years 5-8 (Phase 3) > Interviews & Questionnaires > GR1075 The development of my 5/6-year old child - part I > A. General,https://p-epi-wiki.erasmusmc.nl/wiki/data/shop.php?wiki=genrwiki&item=002555,,
Child_SeasonFilledIn_GR1075_20250915,Generation R,Years 5-8 (Phase 3),Interviews & Questionnaires,Generation R > Years 5-8 (Phase 3) > Interviews & Questionnaires > GR1075 The development of my 5/6-year old child - part I > A. General,https://p-epi-wiki.erasmusmc.nl/wiki/data/shop.php?wiki=genrwiki&item=002373,,
Mother_Partner_GR1075_20250915,Generation R,Years 5-8 (Phase 3),Interviews & Questionnaires,Generation R > Years 5-8 (Phase 3) > Interviews & Questionnaires > GR1075 The development of my 5/6-year old child - part I > B. Family,https://p-epi-wiki.erasmusmc.nl/wiki/data/shop.php?wiki=genrwiki&item=003013,,
Child_B03_GR1075_20250915,Generation R,Years 5-8 (Phase 3),Interviews & Questionnaires,Generation R > Years 5-8 (Phase 3) > Interviews & Questionnaires > GR1075 The development of my 5/6-year old child - part I > B. Family,https://p-epi-wiki.erasmusmc.nl/wiki/data/shop.php?wiki=genrwiki&item=002372,,
Child_B04-05_GR1075_20250915,Generation R,Years 5-8 (Phase 3),Interviews & Questionnaires,Generation R > Years 5-8 (Phase 3) > Interviews & Questionnaires > GR1075 The development of my 5/6-year old child - part I > B. Family,https://p-epi-wiki.erasmusmc.nl/wiki/data/shop.php?wiki=genrwiki&item=002371,,
Child_B20_GR1075_20250915,Generation R,Years 5-8 (Phase 3),Interviews & Questionnaires,Generation R > Years 5-8 (Phase 3) > Interviews & Questionnaires > GR1075 The development of my 5/6-year old child - part I > B. Family,https://p-epi-wiki.erasmusmc.nl/wiki/data/shop.php?wiki=genrwiki&item=002370,,
Parent_EmploymentStatus_GR1075_20250924,Generation R,Years 5-8 (Phase 3),Interviews & Questionnaires,Generation R > Years 5-8 (Phase 3) > Interviews & Questionnaires > GR1075 The development of my 5/6-year old child - part I > B. Family,https://p-epi-wiki.erasmusmc.nl/wiki/data/shop.php?wiki=genrwiki&item=002556,,
Child_C01_GR1075_20250915,Generation R,Years 5-8 (Phase 3),Interviews & Questionnaires,Generation R > Years 5-8 (Phase 3) > Interviews & Questionnaires > GR1075 The development of my 5/6-year old child - part I > C. School,https://p-epi-wiki.erasmusmc.nl/wiki/data/shop.php?wiki=genrwiki&item=002369,,
Child_C04-06_GR1075_20250915,Generation R,Years 5-8 (Phase 3),Interviews & Questionnaires,Generation R > Years 5-8 (Phase 3) > Interviews & Questionnaires > GR1075 The development of my 5/6-year old child - part I > C. School,https://p-epi-wiki.erasmusmc.nl/wiki/data/shop.php?wiki=genrwiki&item=002368,,
Child_D01-25_GR1075_20250915,Generation R,Years 5-8 (Phase 3),Interviews & Questionnaires,Generation R > Years 5-8 (Phase 3) > Interviews & Questionnaires > GR1075 The development of my 5/6-year old child - part I > D. Exercise,https://p-epi-wiki.erasmusmc.nl/wiki/data/shop.php?wiki=genrwiki&item=002367,,
Child_D05_GR1075_20250915,Generation R,Years 5-8 (Phase 3),Interviews & Questionnaires,Generation R > Years 5-8 (Phase 3) > Interviews & Questionnaires > GR1075 The development of my 5/6-year old child - part I > D. Exercise,https://p-epi-wiki.erasmusmc.nl/wiki/data/shop.php?wiki=genrwiki&item=002366,,
Child_E01-03_GR1075_20250915,Generation R,Years 5-8 (Phase 3),Interviews & Questionnaires,Generation R > Years 5-8 (Phase 3) > Interviews & Questionnaires > GR1075 The development of my 5/6-year old child - part I > E. Diet,https://p-epi-wiki.erasmusmc.nl/wiki/data/shop.php?wiki=genrwiki&item=002365,,
Child_E04_GR1075_20250915,Generation R,Years 5-8 (Phase 3),Interviews & Questionnaires,Generation R > Years 5-8 (Phase 3) > Interviews & Questionnaires > GR1075 The development of my 5/6-year old child - part I > E. Diet,https://p-epi-wiki.erasmusmc.nl/wiki/data/shop.php?wiki=genrwiki&item=002364,,
Child_F01-09_GR1075_20250915,Generation R,Years 5-8 (Phase 3),Interviews & Questionnaires,Generation R > Years 5-8 (Phase 3) > Interviews & Questionnaires > GR1075 The development of my 5/6-year old child - part I > F. Health,https://p-epi-wiki.erasmusmc.nl/wiki/data/shop.php?wiki=genrwiki&item=002363,,
Child_F10-17_GR1075_20250915,Generation R,Years 5-8 (Phase 3),Interviews & Questionnaires,Generation R > Years 5-8 (Phase 3) > Interviews & Questionnaires > GR1075 The development of my 5/6-year old child - part I > F. Health,https://p-epi-wiki.erasmusmc.nl/wiki/data/shop.php?wiki=genrwiki&item=002362,,
Child_CBCL_GR1075_20250805,Generation R,Years 5-8 (Phase 3),Interviews & Questionnaires,Generation R > Years 5-8 (Phase 3) > Interviews & Questionnaires > GR1075 The development of my 5/6-year old child - part I > G. Behaviour,https://p-epi-wiki.erasmusmc.nl/wiki/data/shop.php?wiki=genrwiki&item=002997,,
Child_H_GR1075_20250915,Generation R,Years 5-8 (Phase 3),Interviews & Questionnaires,Generation R > Years 5-8 (Phase 3) > Interviews & Questionnaires > GR1075 The development of my 5/6-year old child - part I > H. Accidents,https://p-epi-wiki.erasmusmc.nl/wiki/data/shop.php?wiki=genrwiki&item=002361,,
Child_General_GR1076_20251006,Generation R,Years 5-8 (Phase 3),Interviews & Questionnaires,Generation R > Years 5-8 (Phase 3) > Interviews & Questionnaires > GR1076 The development of my 5/6-year old child - part II > Age & Response,https://p-epi-wiki.erasmusmc.nl/wiki/data/shop.php?wiki=genrwiki&item=002742,,
Child_A1_GR1076_20251006,Generation R,Years 5-8 (Phase 3),Interviews & Questionnaires,Generation R > Years 5-8 (Phase 3) > Interviews & Questionnaires > GR1076 The development of my 5/6-year old child - part II > A. Behavior,https://p-epi-wiki.erasmusmc.nl/wiki/data/shop.php?wiki=genrwiki&item=002740,,
Child_A2_GR1076_20251006,Generation R,Years 5-8 (Phase 3),Interviews & Questionnaires,Generation R > Years 5-8 (Phase 3) > Interviews & Questionnaires > GR1076 The development of my 5/6-year old child - part II > A. Behavior,https://p-epi-wiki.erasmusmc.nl/wiki/data/shop.php?wiki=genrwiki&item=003050,,
Child_A3-5_GR1076_20251006,Generation R,Years 5-8 (Phase 3),Interviews & Questionnaires,Generation R > Years 5-8 (Phase 3) > Interviews & Questionnaires > GR1076 The development of my 5/6-year old child - part II > A. Behavior,https://p-epi-wiki.erasmusmc.nl/wiki/data/shop.php?wiki=genrwiki&item=002741,,
Child_B_GR1076_20251006,Generation R,Years 5-8 (Phase 3),Interviews & Questionnaires,Generation R > Years 5-8 (Phase 3) > Interviews & Questionnaires > GR1076 The development of my 5/6-year old child - part II > B. Eczema,https://p-epi-wiki.erasmusmc.nl/wiki/data/shop.php?wiki=genrwiki&item=002989,,
Child_C_GR1076_20251006,Generation R,Years 5-8 (Phase 3),Interviews & Questionnaires,Generation R > Years 5-8 (Phase 3) > Interviews & Questionnaires > GR1076 The development of my 5/6-year old child - part II > C. Abdominal pain,https://p-epi-wiki.erasmusmc.nl/wiki/data/shop.php?wiki=genrwiki&item=002988,,
Child_D_GR1076_20251006,Generation R,Years 5-8 (Phase 3),Interviews & Questionnaires,Generation R > Years 5-8 (Phase 3) > Interviews & Questionnaires > GR1076 The development of my 5/6-year old child - part II > D. Respiratory complaints,https://p-epi-wiki.erasmusmc.nl/wiki/data/shop.php?wiki=genrwiki&item=002987,,
Child_E_GR1076_20251006,Generation R,Years 5-8 (Phase 3),Interviews & Questionnaires,Generation R > Years 5-8 (Phase 3) > Interviews & Questionnaires > GR1076 The development of my 5/6-year old child - part II > E. Home,https://p-epi-wiki.erasmusmc.nl/wiki/data/shop.php?wiki=genrwiki&item=002986,,
Child_F1_GR1076_20251006,Generation R,Years 5-8 (Phase 3),Interviews & Questionnaires,Generation R > Years 5-8 (Phase 3) > Interviews & Questionnaires > GR1076 The development of my 5/6-year old child - part II > F. Character,https://p-epi-wiki.erasmusmc.nl/wiki/data/shop.php?wiki=genrwiki&item=002985,,
Child_F2_GR1076_20251006,Generation R,Years 5-8 (Phase 3),Interviews & Questionnaires,Generation R > Years 5-8 (Phase 3) > Interviews & Questionnaires > GR1076 The development of my 5/6-year old child - part II > F. Character,https://p-epi-wiki.erasmusmc.nl/wiki/data/shop.php?wiki=genrwiki&item=002984,,
Child_G_GR1076_20251006,Generation R,Years 5-8 (Phase 3),Interviews & Questionnaires,Generation R > Years 5-8 (Phase 3) > Interviews & Questionnaires > GR1076 The development of my 5/6-year old child - part II > G. Health,https://p-epi-wiki.erasmusmc.nl/wiki/data/shop.php?wiki=genrwiki&item=002983,,
Mother_H01_GR1076_20251006,Generation R,Years 5-8 (Phase 3),Interviews & Questionnaires,Generation R > Years 5-8 (Phase 3) > Interviews & Questionnaires > GR1076 The development of my 5/6-year old child - part II > H. Pregnancies and lifestyle of the mother,https://p-epi-wiki.erasmusmc.nl/wiki/data/shop.php?wiki=genrwiki&item=002982,,
Mother_H04_GR1076_20251006,Generation R,Years 5-8 (Phase 3),Interviews & Questionnaires,Generation R > Years 5-8 (Phase 3) > Interviews & Questionnaires > GR1076 The development of my 5/6-year old child - part II > H. Pregnancies and lifestyle of the mother,https://p-epi-wiki.erasmusmc.nl/wiki/data/shop.php?wiki=genrwiki&item=002981,,
Mother_H09-13_GR1076_20251006,Generation R,Years 5-8 (Phase 3),Interviews & Questionnaires,Generation R > Years 5-8 (Phase 3) > Interviews & Questionnaires > GR1076 The development of my 5/6-year old child - part II > H. Pregnancies and lifestyle of the mother,https://p-epi-wiki.erasmusmc.nl/wiki/data/shop.php?wiki=genrwiki&item=002980,,
Child_TRF_GR1079_20251006,Generation R,Years 5-8 (Phase 3),Interviews & Questionnaires,Generation R > Years 5-8 (Phase 3) > Interviews & Questionnaires > GR1079 Questionnaire Teacher,https://p-epi-wiki.erasmusmc.nl/wiki/data/shop.php?wiki=genrwiki&item=002979,"Pauline Jansen, Manon Hillegers",
Child_General_GR1080_20251006,Generation R,Years 5-8 (Phase 3),Interviews & Questionnaires,Generation R > Years 5-8 (Phase 3) > Interviews & Questionnaires > GR1080 Questionnaire nutrition and behaviour > A. General,https://p-epi-wiki.erasmusmc.nl/wiki/data/shop.php?wiki=genrwiki&item=002978,,
Child_FFQ_08Y_20251006,Generation R,Years 5-8 (Phase 3),Interviews & Questionnaires,Generation R > Years 5-8 (Phase 3) > Interviews & Questionnaires > GR1080 Questionnaire nutrition and behaviour > B. Eating habits of your child,https://p-epi-wiki.erasmusmc.nl/wiki/data/shop.php?wiki=genrwiki&item=003001,,
Child_FFQ-DIIscore_08Y_20251006,Generation R,Years 5-8 (Phase 3),Interviews & Questionnaires,Generation R > Years 5-8 (Phase 3) > Interviews & Questionnaires > GR1080 Questionnaire nutrition and behaviour > B. Eating habits of your child,https://p-epi-wiki.erasmusmc.nl/wiki/data/shop.php?wiki=genrwiki&item=003002,,
Child_C10-11_GR1080_20251006,Generation R,Years 5-8 (Phase 3),Interviews & Questionnaires,"Generation R > Years 5-8 (Phase 3) > Interviews & Questionnaires > GR1080 Questionnaire nutrition and behaviour > C. Language, school and leisure time",https://p-epi-wiki.erasmusmc.nl/wiki/data/shop.php?wiki=genrwiki&item=002977,,
Child_D_GR1080_20251006,Generation R,Years 5-8 (Phase 3),Interviews & Questionnaires,Generation R > Years 5-8 (Phase 3) > Interviews & Questionnaires > GR1080 Questionnaire nutrition and behaviour > D. Upbringing,https://p-epi-wiki.erasmusmc.nl/wiki/data/shop.php?wiki=genrwiki&item=002976,,
Child_E_GR1080_20251006,Generation R,Years 5-8 (Phase 3),Interviews & Questionnaires,Generation R > Years 5-8 (Phase 3) > Interviews & Questionnaires > GR1080 Questionnaire nutrition and behaviour > E. Bullying and victimization,https://p-epi-wiki.erasmusmc.nl/wiki/data/shop.php?wiki=genrwiki&item=002975,,
Child_F1_GR1080_20251006,Generation R,Years 5-8 (Phase 3),Interviews & Questionnaires,Generation R > Years 5-8 (Phase 3) > Interviews & Questionnaires > GR1080 Questionnaire nutrition and behaviour > F. Behavior,https://p-epi-wiki.erasmusmc.nl/wiki/data/shop.php?wiki=genrwiki&item=002974,,
syntax GR1080-F1_ConnersRatingScale_31032014,Generation R,Years 5-8 (Phase 3),Interviews & Questionnaires,Generation R > Years 5-8 (Phase 3) > Interviews & Questionnaires > GR1080 Questionnaire nutrition and behaviour > F. Behavior,https://p-epi-wiki.erasmusmc.nl/wiki/data/shop.php?wiki=genrwiki&item=000540,,
Child_F2_GR1080_20251006,Generation R,Years 5-8 (Phase 3),Interviews & Questionnaires,Generation R > Years 5-8 (Phase 3) > Interviews & Questionnaires > GR1080 Questionnaire nutrition and behaviour > F. Behavior,https://p-epi-wiki.erasmusmc.nl/wiki/data/shop.php?wiki=genrwiki&item=002973,,
Child_F3_GR1080_20251006,Generation R,Years 5-8 (Phase 3),Interviews & Questionnaires,Generation R > Years 5-8 (Phase 3) > Interviews & Questionnaires > GR1080 Questionnaire nutrition and behaviour > F. Behavior,https://p-epi-wiki.erasmusmc.nl/wiki/data/shop.php?wiki=genrwiki&item=002972,,
MRI5respons_14082013,Generation R,Years 5-8 (Phase 3),MRI,Generation R > Years 5-8 (Phase 3) > MRI > Brain 5-8 years,https://p-epi-wiki.erasmusmc.nl/wiki/data/shop.php?wiki=genrwiki&item=001016,"Pauline Jansen, Manon Hillegers",
,Generation R,Years 5-8 (Phase 3),MRI,Generation R > Years 5-8 (Phase 3) > MRI > Brain 5-8 years,,,
MRI5HANDEDNESS_21082013,Generation R,Years 5-8 (Phase 3),MRI,Generation R > Years 5-8 (Phase 3) > MRI > Brain 5-8 years,,"Pauline Jansen, Manon Hillegers",
MRIDOGTASK_RUN2_22072014,Generation R,Years 5-8 (Phase 3),MRI,Generation R > Years 5-8 (Phase 3) > MRI > Brain 5-8 years,,"Pauline Jansen, Manon Hillegers",
MRIDOGTASK_RUN1_28102013,Generation R,Years 5-8 (Phase 3),MRI,Generation R > Years 5-8 (Phase 3) > MRI > Brain 5-8 years,,"Pauline Jansen, Manon Hillegers",
MRI5DONATING_08012014,Generation R,Years 5-8 (Phase 3),MRI,Generation R > Years 5-8 (Phase 3) > MRI > Brain 5-8 years,,"Pauline Jansen, Manon Hillegers",
MRI4MEDICATIONUSE_03032014,Generation R,Years 5-8 (Phase 3),MRI,Generation R > Years 5-8 (Phase 3) > MRI > Brain 5-8 years,,"Pauline Jansen, Manon Hillegers",
MRI5NormalSinus_16112020,Generation R,Years 5-8 (Phase 3),MRI,Generation R > Years 5-8 (Phase 3) > MRI > Brain 5-8 years,https://p-epi-wiki.erasmusmc.nl/wiki/data/shop.php?wiki=genrwiki&item=001145,"Pauline Jansen, Manon Hillegers",
MRINEPSYincldomains_03042015,Generation R,Years 5-8 (Phase 3),MRI,Generation R > Years 5-8 (Phase 3) > MRI > Brain 5-8 years,https://p-epi-wiki.erasmusmc.nl/wiki/data/shop.php?wiki=genrwiki&item=000678,"Pauline Jansen, Manon Hillegers",
Child_Allergy_Visit09Y_20250910,Generation R,Years 9-12 (Phase 3),Hands on measurements and ultrasounds,Generation R > Years 9-12 (Phase 3) > Hands on measurements and ultrasounds > Allergy Focus@9,https://p-epi-wiki.erasmusmc.nl/wiki/data/shop.php?wiki=genrwiki&item=002313,Liesbeth Duijts,
Child_MedicationADHD_Visit09Y_20250910,Generation R,Years 9-12 (Phase 3),Hands on measurements and ultrasounds,Generation R > Years 9-12 (Phase 3) > Hands on measurements and ultrasounds > Behaviour Focus@9,https://p-epi-wiki.erasmusmc.nl/wiki/data/shop.php?wiki=genrwiki&item=002288,"Pauline Jansen, Manon Hillegers",
Child_ASD_Visit09Y_20250917,Generation R,Years 9-12 (Phase 3),Hands on measurements and ultrasounds,Generation R > Years 9-12 (Phase 3) > Hands on measurements and ultrasounds > Behaviour Focus@9,https://p-epi-wiki.erasmusmc.nl/wiki/data/shop.php?wiki=genrwiki&item=002312,"Pauline Jansen, Manon Hillegers",
Child_BackwardBalancing_Visit09Y_20250910,Generation R,Years 9-12 (Phase 3),Hands on measurements and ultrasounds,Generation R > Years 9-12 (Phase 3) > Hands on measurements and ultrasounds > Behaviour Focus@9,https://p-epi-wiki.erasmusmc.nl/wiki/data/shop.php?wiki=genrwiki&item=002290,"Pauline Jansen, Manon Hillegers",
Child_CCT_Visit09Y_20250917,Generation R,Years 9-12 (Phase 3),Hands on measurements and ultrasounds,Generation R > Years 9-12 (Phase 3) > Hands on measurements and ultrasounds > Behaviour Focus@9,https://p-epi-wiki.erasmusmc.nl/wiki/data/shop.php?wiki=genrwiki&item=002311,"Pauline Jansen, Manon Hillegers",
Child_CyberBall_Visit09Y_20250910,Generation R,Years 9-12 (Phase 3),Hands on measurements and ultrasounds,Generation R > Years 9-12 (Phase 3) > Hands on measurements and ultrasounds > Behaviour Focus@9,https://p-epi-wiki.erasmusmc.nl/wiki/data/shop.php?wiki=genrwiki&item=002291,"Pauline Jansen, Manon Hillegers",
Child_EyeTracking_Visit09Y_20250910,Generation R,Years 9-12 (Phase 3),Hands on measurements and ultrasounds,Generation R > Years 9-12 (Phase 3) > Hands on measurements and ultrasounds > Behaviour Focus@9,https://p-epi-wiki.erasmusmc.nl/wiki/data/shop.php?wiki=genrwiki&item=002292,"Pauline Jansen, Manon Hillegers",
Child_FingerTapping_Visit09Y_20250910,Generation R,Years 9-12 (Phase 3),Hands on measurements and ultrasounds,Generation R > Years 9-12 (Phase 3) > Hands on measurements and ultrasounds > Behaviour Focus@9,https://p-epi-wiki.erasmusmc.nl/wiki/data/shop.php?wiki=genrwiki&item=002293,"Pauline Jansen, Manon Hillegers",
Child_MentalHealthCare_Visit09Y_20250917,Generation R,Years 9-12 (Phase 3),Hands on measurements and ultrasounds,Generation R > Years 9-12 (Phase 3) > Hands on measurements and ultrasounds > Behaviour Focus@9,https://p-epi-wiki.erasmusmc.nl/wiki/data/shop.php?wiki=genrwiki&item=002310,"Pauline Jansen, Manon Hillegers",
Father_ChildInteraction_Visit09Y_20250917,Generation R,Years 9-12 (Phase 3),Hands on measurements and ultrasounds,Generation R > Years 9-12 (Phase 3) > Hands on measurements and ultrasounds > Behaviour Focus@9,https://p-epi-wiki.erasmusmc.nl/wiki/data/shop.php?wiki=genrwiki&item=002307,"Pauline Jansen, Manon Hillegers",
Mother_TraumaInterview_Visit09Y_20250917,Generation R,Years 9-12 (Phase 3),Hands on measurements and ultrasounds,Generation R > Years 9-12 (Phase 3) > Hands on measurements and ultrasounds > Behaviour Focus@9,https://p-epi-wiki.erasmusmc.nl/wiki/data/shop.php?wiki=genrwiki&item=002309,"Pauline Jansen, Manon Hillegers",
Parent_ChildInteraction_Visit09Y_20250917,Generation R,Years 9-12 (Phase 3),Hands on measurements and ultrasounds,Generation R > Years 9-12 (Phase 3) > Hands on measurements and ultrasounds > Behaviour Focus@9,https://p-epi-wiki.erasmusmc.nl/wiki/data/shop.php?wiki=genrwiki&item=002306,"Pauline Jansen, Manon Hillegers",
Parent_RMET_Visit09Y_20250917,Generation R,Years 9-12 (Phase 3),Hands on measurements and ultrasounds,Generation R > Years 9-12 (Phase 3) > Hands on measurements and ultrasounds > Behaviour Focus@9,https://p-epi-wiki.erasmusmc.nl/wiki/data/shop.php?wiki=genrwiki&item=002308,"Pauline Jansen, Manon Hillegers",
Child_CITO_11Y_20250801,Generation R,Years 9-12 (Phase 3),Hands on measurements and ultrasounds,Generation R > Years 9-12 (Phase 3) > Hands on measurements and ultrasounds > Behaviour 9-12 years,https://p-epi-wiki.erasmusmc.nl/wiki/data/shop.php?wiki=genrwiki&item=001887,"Pauline Jansen, Manon Hillegers",
Child_SleepActigraphy_9-13Y_20250801,Generation R,Years 9-12 (Phase 3),Hands on measurements and ultrasounds,Generation R > Years 9-12 (Phase 3) > Hands on measurements and ultrasounds > Behaviour 9-12 years,https://p-epi-wiki.erasmusmc.nl/wiki/data/shop.php?wiki=genrwiki&item=001886,"Pauline Jansen, Annemarie Luik",
Child_SleepDiary_9-13Y_20250801,Generation R,Years 9-12 (Phase 3),Hands on measurements and ultrasounds,Generation R > Years 9-12 (Phase 3) > Hands on measurements and ultrasounds > Behaviour 9-12 years,https://p-epi-wiki.erasmusmc.nl/wiki/data/shop.php?wiki=genrwiki&item=001882,"Pauline Jansen, Annemarie Luik",
Child_SleepDiaryRoutines_9-13Y_20250801,Generation R,Years 9-12 (Phase 3),Hands on measurements and ultrasounds,Generation R > Years 9-12 (Phase 3) > Hands on measurements and ultrasounds > Behaviour 9-12 years,https://p-epi-wiki.erasmusmc.nl/wiki/data/shop.php?wiki=genrwiki&item=002701,"Pauline Jansen, Annemarie Luik",
Child_SleepMovement_9-13Y_20250801,Generation R,Years 9-12 (Phase 3),Hands on measurements and ultrasounds,Generation R > Years 9-12 (Phase 3) > Hands on measurements and ultrasounds > Behaviour 9-12 years,https://p-epi-wiki.erasmusmc.nl/wiki/data/shop.php?wiki=genrwiki&item=001885,"Pauline Jansen, Annemarie Luik",
Child_SleepSDSC_9-13Y_20250801,Generation R,Years 9-12 (Phase 3),Hands on measurements and ultrasounds,Generation R > Years 9-12 (Phase 3) > Hands on measurements and ultrasounds > Behaviour 9-12 years,https://p-epi-wiki.erasmusmc.nl/wiki/data/shop.php?wiki=genrwiki&item=001878,"Pauline Jansen, Annemarie Luik",
Child_SleepTimeAwakeSeason_9-13Y_20250801,Generation R,Years 9-12 (Phase 3),Hands on measurements and ultrasounds,Generation R > Years 9-12 (Phase 3) > Hands on measurements and ultrasounds > Behaviour 9-12 years,https://p-epi-wiki.erasmusmc.nl/wiki/data/shop.php?wiki=genrwiki&item=002702,"Pauline Jansen, Annemarie Luik",
Child_SleepTimeDiary_9-13Y_20250801,Generation R,Years 9-12 (Phase 3),Hands on measurements and ultrasounds,Generation R > Years 9-12 (Phase 3) > Hands on measurements and ultrasounds > Behaviour 9-12 years,https://p-epi-wiki.erasmusmc.nl/wiki/data/shop.php?wiki=genrwiki&item=001883,"Pauline Jansen, Annemarie Luik",
Child_SleepWatchRemoved_9-13Y_20250801,Generation R,Years 9-12 (Phase 3),Hands on measurements and ultrasounds,Generation R > Years 9-12 (Phase 3) > Hands on measurements and ultrasounds > Behaviour 9-12 years,https://p-epi-wiki.erasmusmc.nl/wiki/data/shop.php?wiki=genrwiki&item=001884,"Pauline Jansen, Annemarie Luik",
Parent_SleepDiaryNightShift_9-13Y_20250801,Generation R,Years 9-12 (Phase 3),Hands on measurements and ultrasounds,Generation R > Years 9-12 (Phase 3) > Hands on measurements and ultrasounds > Behaviour 9-12 years,https://p-epi-wiki.erasmusmc.nl/wiki/data/shop.php?wiki=genrwiki&item=001881,"Pauline Jansen, Annemarie Luik",
Child_ChoroidOCT_09-17Y_20251023,Generation R,Years 9-12 (Phase 3),Hands on measurements and ultrasounds,Generation R > Years 9-12 (Phase 3) > Hands on measurements and ultrasounds > Eyes Focus@9,https://p-epi-wiki.erasmusmc.nl/wiki/data/shop.php?wiki=genrwiki&item=003009,Caroline Klaver,
QC_Child_ChoroidOCT_9-13Y_20250327,Generation R,Years 9-12 (Phase 3),Hands on measurements and ultrasounds,Generation R > Years 9-12 (Phase 3) > Hands on measurements and ultrasounds > Eyes Focus@9,https://p-epi-wiki.erasmusmc.nl/wiki/data/shop.php?wiki=genrwiki&item=001658,Caroline Klaver,
Child_EyeMeasurements_Visit09Y_20250910,Generation R,Years 9-12 (Phase 3),Hands on measurements and ultrasounds,Generation R > Years 9-12 (Phase 3) > Hands on measurements and ultrasounds > Eyes Focus@9,https://p-epi-wiki.erasmusmc.nl/wiki/data/shop.php?wiki=genrwiki&item=002338,Caroline Klaver,
Child_OCT_Visit09Y_20250714,Generation R,Years 9-12 (Phase 3),Hands on measurements and ultrasounds,Generation R > Years 9-12 (Phase 3) > Hands on measurements and ultrasounds > Eyes Focus@9,https://p-epi-wiki.erasmusmc.nl/wiki/data/shop.php?wiki=genrwiki&item=002656,Caroline Klaver,
Child_Hearing_Visit09Y_20250613,Generation R,Years 9-12 (Phase 3),Hands on measurements and ultrasounds,Generation R > Years 9-12 (Phase 3) > Hands on measurements and ultrasounds > Hearing Focus@9,https://p-epi-wiki.erasmusmc.nl/wiki/data/shop.php?wiki=genrwiki&item=002660,Marc van der Schroeff,
Child_LungFunction_Visit09Y_20250716,Generation R,Years 9-12 (Phase 3),Hands on measurements and ultrasounds,Generation R > Years 9-12 (Phase 3) > Hands on measurements and ultrasounds > Lungs Focus@9,https://p-epi-wiki.erasmusmc.nl/wiki/data/shop.php?wiki=genrwiki&item=002657,Liesbeth Duijts,
Child_AutomatedBoneAge_Visit09Y_20250714,Generation R,Years 9-12 (Phase 3),Hands on measurements and ultrasounds,Generation R > Years 9-12 (Phase 3) > Hands on measurements and ultrasounds > Mother and Child Focus@9,https://p-epi-wiki.erasmusmc.nl/wiki/data/shop.php?wiki=genrwiki&item=002663,Fernando Rivadeneira,
Child_BloodPressure_Visit09Y_20250910,Generation R,Years 9-12 (Phase 3),Hands on measurements and ultrasounds,Generation R > Years 9-12 (Phase 3) > Hands on measurements and ultrasounds > Mother and Child Focus@9,https://p-epi-wiki.erasmusmc.nl/wiki/data/shop.php?wiki=genrwiki&item=002322,Vincent Jaddoe,
Child_BoneHealthIndex_Visit09Y_20250714,Generation R,Years 9-12 (Phase 3),Hands on measurements and ultrasounds,Generation R > Years 9-12 (Phase 3) > Hands on measurements and ultrasounds > Mother and Child Focus@9,https://p-epi-wiki.erasmusmc.nl/wiki/data/shop.php?wiki=genrwiki&item=002662,Fernando Rivadeneira,
Child_Diabetes_Visit09Y_20250717,Generation R,Years 9-12 (Phase 3),Hands on measurements and ultrasounds,Generation R > Years 9-12 (Phase 3) > Hands on measurements and ultrasounds > Mother and Child Focus@9,https://p-epi-wiki.erasmusmc.nl/wiki/data/shop.php?wiki=genrwiki&item=002661,Vincent Jaddoe,
Child_DXAFemur_Visit09Y_20250910,Generation R,Years 9-12 (Phase 3),Hands on measurements and ultrasounds,Generation R > Years 9-12 (Phase 3) > Hands on measurements and ultrasounds > Mother and Child Focus@9,https://p-epi-wiki.erasmusmc.nl/wiki/data/shop.php?wiki=genrwiki&item=002321,"Vincent Jaddoe, Fernando Rivadeneira",
Child_DXAHand_Visit09Y_20250910,Generation R,Years 9-12 (Phase 3),Hands on measurements and ultrasounds,Generation R > Years 9-12 (Phase 3) > Hands on measurements and ultrasounds > Mother and Child Focus@9,https://p-epi-wiki.erasmusmc.nl/wiki/data/shop.php?wiki=genrwiki&item=002320,"Vincent Jaddoe, Fernando Rivadeneira",
Child_DXASpine_Visit09Y_20250910,Generation R,Years 9-12 (Phase 3),Hands on measurements and ultrasounds,Generation R > Years 9-12 (Phase 3) > Hands on measurements and ultrasounds > Mother and Child Focus@9,https://p-epi-wiki.erasmusmc.nl/wiki/data/shop.php?wiki=genrwiki&item=002319,"Vincent Jaddoe, Fernando Rivadeneira",
Child_DXATotalBody_Visit09Y_20250910,Generation R,Years 9-12 (Phase 3),Hands on measurements and ultrasounds,Generation R > Years 9-12 (Phase 3) > Hands on measurements and ultrasounds > Mother and Child Focus@9,https://p-epi-wiki.erasmusmc.nl/wiki/data/shop.php?wiki=genrwiki&item=002318,"Vincent Jaddoe, Fernando Rivadeneira",
Child_Growth_Visit09Y_20250910,Generation R,Years 9-12 (Phase 3),Hands on measurements and ultrasounds,Generation R > Years 9-12 (Phase 3) > Hands on measurements and ultrasounds > Mother and Child Focus@9,https://p-epi-wiki.erasmusmc.nl/wiki/data/shop.php?wiki=genrwiki&item=002314,Vincent Jaddoe,
Child_IMT_Visit09Y_20250716,Generation R,Years 9-12 (Phase 3),Hands on measurements and ultrasounds,Generation R > Years 9-12 (Phase 3) > Hands on measurements and ultrasounds > Mother and Child Focus@9,https://p-epi-wiki.erasmusmc.nl/wiki/data/shop.php?wiki=genrwiki&item=002659,Vincent Jaddoe,
Child_Obesity_Visit09Y_20250910,Generation R,Years 9-12 (Phase 3),Hands on measurements and ultrasounds,Generation R > Years 9-12 (Phase 3) > Hands on measurements and ultrasounds > Mother and Child Focus@9,https://p-epi-wiki.erasmusmc.nl/wiki/data/shop.php?wiki=genrwiki&item=002299,Vincent Jaddoe,
Child_TrabecularBoneScore_Visit09Y_20250714,Generation R,Years 9-12 (Phase 3),Hands on measurements and ultrasounds,Generation R > Years 9-12 (Phase 3) > Hands on measurements and ultrasounds > Mother and Child Focus@9,https://p-epi-wiki.erasmusmc.nl/wiki/data/shop.php?wiki=genrwiki&item=002653,Fernando Rivadeneira,
Child_USHeart_Visit09Y_20250910,Generation R,Years 9-12 (Phase 3),Hands on measurements and ultrasounds,Generation R > Years 9-12 (Phase 3) > Hands on measurements and ultrasounds > Mother and Child Focus@9,https://p-epi-wiki.erasmusmc.nl/wiki/data/shop.php?wiki=genrwiki&item=002316,Vincent Jaddoe,
Mother_Anthropometry_Visit09Y_20250717,Generation R,Years 9-12 (Phase 3),Hands on measurements and ultrasounds,Generation R > Years 9-12 (Phase 3) > Hands on measurements and ultrasounds > Mother and Child Focus@9,https://p-epi-wiki.erasmusmc.nl/wiki/data/shop.php?wiki=genrwiki&item=002666,Eric Steegers,
Mother_BloodPressure_Visit09Y_20250604,Generation R,Years 9-12 (Phase 3),Hands on measurements and ultrasounds,Generation R > Years 9-12 (Phase 3) > Hands on measurements and ultrasounds > Mother and Child Focus@9,https://p-epi-wiki.erasmusmc.nl/wiki/data/shop.php?wiki=genrwiki&item=002665,Eric Steegers,
Mother_DXATotalBody_Visit09Y_20250604,Generation R,Years 9-12 (Phase 3),Hands on measurements and ultrasounds,Generation R > Years 9-12 (Phase 3) > Hands on measurements and ultrasounds > Mother and Child Focus@9,https://p-epi-wiki.erasmusmc.nl/wiki/data/shop.php?wiki=genrwiki&item=002664,"Vincent Jaddoe, Fernando Rivadeneira",
Mother_IMT_Visit09Y_20250604,Generation R,Years 9-12 (Phase 3),Hands on measurements and ultrasounds,Generation R > Years 9-12 (Phase 3) > Hands on measurements and ultrasounds > Mother and Child Focus@9,https://p-epi-wiki.erasmusmc.nl/wiki/data/shop.php?wiki=genrwiki&item=002668,Eric Steegers,
Mother_PregnancyComplications_0-9Y_20250717,Generation R,Years 9-12 (Phase 3),Hands on measurements and ultrasounds,Generation R > Years 9-12 (Phase 3) > Hands on measurements and ultrasounds > Mother and Child Focus@9,https://p-epi-wiki.erasmusmc.nl/wiki/data/shop.php?wiki=genrwiki&item=002700,Eric Steegers,
Child_IOTNGrade_Visit09Y_20250613,Generation R,Years 9-12 (Phase 3),Hands on measurements and ultrasounds,Generation R > Years 9-12 (Phase 3) > Hands on measurements and ultrasounds > Teeth & jaw development Focus@9,https://p-epi-wiki.erasmusmc.nl/wiki/data/shop.php?wiki=genrwiki&item=002658,Eppo Wolvius,
Child_OPGDentalDevelopmentScoring_Visit09Y_20250613,Generation R,Years 9-12 (Phase 3),Hands on measurements and ultrasounds,Generation R > Years 9-12 (Phase 3) > Hands on measurements and ultrasounds > Teeth & jaw development Focus@9,https://p-epi-wiki.erasmusmc.nl/wiki/data/shop.php?wiki=genrwiki&item=002655,Eppo Wolvius,
Child_OPGScoring_Visit09Y_20250613,Generation R,Years 9-12 (Phase 3),Hands on measurements and ultrasounds,Generation R > Years 9-12 (Phase 3) > Hands on measurements and ultrasounds > Teeth & jaw development Focus@9,https://p-epi-wiki.erasmusmc.nl/wiki/data/shop.php?wiki=genrwiki&item=002654,Eppo Wolvius,
Child_CBCL_Quest09Y_20250805,Generation R,Years 9-12 (Phase 3),Interviews & Questionnaires,Generation R > Years 9-12 (Phase 3) > Interviews & Questionnaires > Child behaviour combined 9 years,https://p-epi-wiki.erasmusmc.nl/wiki/data/shop.php?wiki=genrwiki&item=002809,,
Child_ELSScore_0-10Y_20250805,Generation R,Years 9-12 (Phase 3),Interviews & Questionnaires,Generation R > Years 9-12 (Phase 3) > Interviews & Questionnaires > Child behaviour combined 9 years,https://p-epi-wiki.erasmusmc.nl/wiki/data/shop.php?wiki=genrwiki&item=001902,"Pauline Jansen, Manon Hilligers",
Child_ELSScore_0-10Y_Additional_info,Generation R,Years 9-12 (Phase 3),Interviews & Questionnaires,Generation R > Years 9-12 (Phase 3) > Interviews & Questionnaires > Child behaviour combined 9 years,https://p-epi-wiki.erasmusmc.nl/wiki/data/shop.php?wiki=genrwiki&item=001903,"Pauline Jansen, Manon Hilligers",
Parent_AQ_Quest09Y_20250805,Generation R,Years 9-12 (Phase 3),Interviews & Questionnaires,Generation R > Years 9-12 (Phase 3) > Interviews & Questionnaires > Parents behaviour combined 0-10 years,https://p-epi-wiki.erasmusmc.nl/wiki/data/shop.php?wiki=genrwiki&item=002808,"Pauline Jansen, Manon Hilligers",
Parent_BSI_Quest09Y_20251010,Generation R,Years 9-12 (Phase 3),Interviews & Questionnaires,Generation R > Years 9-12 (Phase 3) > Interviews & Questionnaires > Parents behaviour combined 0-10 years,https://p-epi-wiki.erasmusmc.nl/wiki/data/shop.php?wiki=genrwiki&item=002785,"Pauline Jansen, Manon Hilligers",
Parent_Lifestyle_Quest09Y_20251010,Generation R,Years 9-12 (Phase 3),Interviews & Questionnaires,Generation R > Years 9-12 (Phase 3) > Interviews & Questionnaires > Parents lifestyle combined 9 years,https://p-epi-wiki.erasmusmc.nl/wiki/data/shop.php?wiki=genrwiki&item=002810,,
Family_General_GR1081_20251010,Generation R,Years 9-12 (Phase 3),Interviews & Questionnaires,Generation R > Years 9-12 (Phase 3) > Interviews & Questionnaires > GR1081 The development of my 9/10-year old child - part I > A. General,https://p-epi-wiki.erasmusmc.nl/wiki/data/shop.php?wiki=genrwiki&item=002799,,
Mother_B_GR1081_20251010,Generation R,Years 9-12 (Phase 3),Interviews & Questionnaires,Generation R > Years 9-12 (Phase 3) > Interviews & Questionnaires > GR1081 The development of my 9/10-year old child - part I > B. Mother’s health,https://p-epi-wiki.erasmusmc.nl/wiki/data/shop.php?wiki=genrwiki&item=002805,,
Family_E_GR1081_20251010,Generation R,Years 9-12 (Phase 3),Interviews & Questionnaires,Generation R > Years 9-12 (Phase 3) > Interviews & Questionnaires > GR1081 The development of my 9/10-year old child - part I > E. Home and family,https://p-epi-wiki.erasmusmc.nl/wiki/data/shop.php?wiki=genrwiki&item=002803,,
Child_F_GR1081_20251010,Generation R,Years 9-12 (Phase 3),Interviews & Questionnaires,Generation R > Years 9-12 (Phase 3) > Interviews & Questionnaires > GR1081 The development of my 9/10-year old child - part I > F. Asthma and allergies,https://p-epi-wiki.erasmusmc.nl/wiki/data/shop.php?wiki=genrwiki&item=002802,,
Child_G02_GR1081_20251010,Generation R,Years 9-12 (Phase 3),Interviews & Questionnaires,Generation R > Years 9-12 (Phase 3) > Interviews & Questionnaires > GR1081 The development of my 9/10-year old child - part I > G. Behaviour,https://p-epi-wiki.erasmusmc.nl/wiki/data/shop.php?wiki=genrwiki&item=002806,,
Child_H_GR1081_20251010,Generation R,Years 9-12 (Phase 3),Interviews & Questionnaires,Generation R > Years 9-12 (Phase 3) > Interviews & Questionnaires > GR1081 The development of my 9/10-year old child - part I > H. Eating and exercise,https://p-epi-wiki.erasmusmc.nl/wiki/data/shop.php?wiki=genrwiki&item=002801,,
Child_I_GR1081_20251212,Generation R,Years 9-12 (Phase 3),Interviews & Questionnaires,Generation R > Years 9-12 (Phase 3) > Interviews & Questionnaires > GR1081 The development of my 9/10-year old child - part I > I. TV and computers,https://p-epi-wiki.erasmusmc.nl/wiki/data/shop.php?wiki=genrwiki&item=003026,,
QC_Child_I14_GR1081_20251212,Generation R,Years 9-12 (Phase 3),Interviews & Questionnaires,Generation R > Years 9-12 (Phase 3) > Interviews & Questionnaires > GR1081 The development of my 9/10-year old child - part I > I. TV and computers,https://p-epi-wiki.erasmusmc.nl/wiki/data/shop.php?wiki=genrwiki&item=003027,,
Family_General_GR1082_20251010,Generation R,Years 9-12 (Phase 3),Interviews & Questionnaires,Generation R > Years 9-12 (Phase 3) > Interviews & Questionnaires > GR1082 The development of my 9/10-year old child - part II > A. General,https://p-epi-wiki.erasmusmc.nl/wiki/data/shop.php?wiki=genrwiki&item=002798,,
Child_B01-06_GR1082_20251010,Generation R,Years 9-12 (Phase 3),Interviews & Questionnaires,"Generation R > Years 9-12 (Phase 3) > Interviews & Questionnaires > GR1082 The development of my 9/10-year old child - part II > B. Parent, family and living environment",https://p-epi-wiki.erasmusmc.nl/wiki/data/shop.php?wiki=genrwiki&item=002797,,
Child_C_GR1082_20251010,Generation R,Years 9-12 (Phase 3),Interviews & Questionnaires,"Generation R > Years 9-12 (Phase 3) > Interviews & Questionnaires > GR1082 The development of my 9/10-year old child - part II > C. School, hearing and language",https://p-epi-wiki.erasmusmc.nl/wiki/data/shop.php?wiki=genrwiki&item=002796,,
Child_D04-16_GR1082_20251010,Generation R,Years 9-12 (Phase 3),Interviews & Questionnaires,Generation R > Years 9-12 (Phase 3) > Interviews & Questionnaires > GR1082 The development of my 9/10-year old child - part II > D. Eating and exercise,https://p-epi-wiki.erasmusmc.nl/wiki/data/shop.php?wiki=genrwiki&item=002795,,
Child_E_GR1082_20251010,Generation R,Years 9-12 (Phase 3),Interviews & Questionnaires,Generation R > Years 9-12 (Phase 3) > Interviews & Questionnaires > GR1082 The development of my 9/10-year old child - part II > E. Behaviour,https://p-epi-wiki.erasmusmc.nl/wiki/data/shop.php?wiki=genrwiki&item=002794,,
Child_F_GR1082_20251010,Generation R,Years 9-12 (Phase 3),Interviews & Questionnaires,Generation R > Years 9-12 (Phase 3) > Interviews & Questionnaires > GR1082 The development of my 9/10-year old child - part II > F. Health,https://p-epi-wiki.erasmusmc.nl/wiki/data/shop.php?wiki=genrwiki&item=002793,,
Child_G_GR1082_20251010,Generation R,Years 9-12 (Phase 3),Interviews & Questionnaires,Generation R > Years 9-12 (Phase 3) > Interviews & Questionnaires > GR1082 The development of my 9/10-year old child - part II > G. Teeth,https://p-epi-wiki.erasmusmc.nl/wiki/data/shop.php?wiki=genrwiki&item=002792,,
Family_H_GR1082_20251010,Generation R,Years 9-12 (Phase 3),Interviews & Questionnaires,Generation R > Years 9-12 (Phase 3) > Interviews & Questionnaires > GR1082 The development of my 9/10-year old child - part II > H. Eyes,https://p-epi-wiki.erasmusmc.nl/wiki/data/shop.php?wiki=genrwiki&item=003010,,
Family_I_GR1082_20251010,Generation R,Years 9-12 (Phase 3),Interviews & Questionnaires,Generation R > Years 9-12 (Phase 3) > Interviews & Questionnaires > GR1082 The development of my 9/10-year old child - part II > I. Bones,https://p-epi-wiki.erasmusmc.nl/wiki/data/shop.php?wiki=genrwiki&item=002964,,
Family_General_GR1083_20251010,Generation R,Years 9-12 (Phase 3),Interviews & Questionnaires,Generation R > Years 9-12 (Phase 3) > Interviews & Questionnaires > GR1083 The development of my 9/10-year old child - partner > A. General,https://p-epi-wiki.erasmusmc.nl/wiki/data/shop.php?wiki=genrwiki&item=002789,,
Partner_B_GR1083_20251010,Generation R,Years 9-12 (Phase 3),Interviews & Questionnaires,Generation R > Years 9-12 (Phase 3) > Interviews & Questionnaires > GR1083 The development of my 9/10-year old child - partner > B. Partner’s health,https://p-epi-wiki.erasmusmc.nl/wiki/data/shop.php?wiki=genrwiki&item=002788,,
Partner_E_GR1083_20251010,Generation R,Years 9-12 (Phase 3),Interviews & Questionnaires,Generation R > Years 9-12 (Phase 3) > Interviews & Questionnaires > GR1083 The development of my 9/10-year old child - partner > E. Home and family,https://p-epi-wiki.erasmusmc.nl/wiki/data/shop.php?wiki=genrwiki&item=002786,,
Child_General_GR1084_20251013,Generation R,Years 9-12 (Phase 3),Interviews & Questionnaires,Generation R > Years 9-12 (Phase 3) > Interviews & Questionnaires > GR1084 My first questionnaire > A. Algemeen,https://p-epi-wiki.erasmusmc.nl/wiki/data/shop.php?wiki=genrwiki&item=002819,,
Child_B02_GR1084_20251013,Generation R,Years 9-12 (Phase 3),Interviews & Questionnaires,Generation R > Years 9-12 (Phase 3) > Interviews & Questionnaires > GR1084 My first questionnaire > B. Mijn vrienden/vriendinnen,https://p-epi-wiki.erasmusmc.nl/wiki/data/shop.php?wiki=genrwiki&item=002818,,
Child_C01-02_GR1084_20251013,Generation R,Years 9-12 (Phase 3),Interviews & Questionnaires,"Generation R > Years 9-12 (Phase 3) > Interviews & Questionnaires > GR1084 My first questionnaire > C. Eten, slapen en TV/Games",https://p-epi-wiki.erasmusmc.nl/wiki/data/shop.php?wiki=genrwiki&item=002817,,
Child_C03-05_GR1084_20251013,Generation R,Years 9-12 (Phase 3),Interviews & Questionnaires,"Generation R > Years 9-12 (Phase 3) > Interviews & Questionnaires > GR1084 My first questionnaire > C. Eten, slapen en TV/Games",https://p-epi-wiki.erasmusmc.nl/wiki/data/shop.php?wiki=genrwiki&item=002816,,
Child_C10-11_GR1084_20251013,Generation R,Years 9-12 (Phase 3),Interviews & Questionnaires,"Generation R > Years 9-12 (Phase 3) > Interviews & Questionnaires > GR1084 My first questionnaire > C. Eten, slapen en TV/Games",https://p-epi-wiki.erasmusmc.nl/wiki/data/shop.php?wiki=genrwiki&item=002815,,
Child_D_GR1084_20251013,Generation R,Years 9-12 (Phase 3),Interviews & Questionnaires,Generation R > Years 9-12 (Phase 3) > Interviews & Questionnaires > GR1084 My first questionnaire > D. Hoe vind ik mijzelf,https://p-epi-wiki.erasmusmc.nl/wiki/data/shop.php?wiki=genrwiki&item=002814,,
Child_E_GR1084_20251013,Generation R,Years 9-12 (Phase 3),Interviews & Questionnaires,Generation R > Years 9-12 (Phase 3) > Interviews & Questionnaires > GR1084 My first questionnaire > E. Hoe ik mij voel,https://p-epi-wiki.erasmusmc.nl/wiki/data/shop.php?wiki=genrwiki&item=002813,,
Child_F_GR1084_20251013,Generation R,Years 9-12 (Phase 3),Interviews & Questionnaires,Generation R > Years 9-12 (Phase 3) > Interviews & Questionnaires > GR1084 My first questionnaire > F. Mijn gedrag,https://p-epi-wiki.erasmusmc.nl/wiki/data/shop.php?wiki=genrwiki&item=002812,,
Child_H_GR1084_20251013,Generation R,Years 9-12 (Phase 3),Interviews & Questionnaires,Generation R > Years 9-12 (Phase 3) > Interviews & Questionnaires > GR1084 My first questionnaire > H. Roken en alcohol,https://p-epi-wiki.erasmusmc.nl/wiki/data/shop.php?wiki=genrwiki&item=002811,,
MRI9RESPONS_02062022,Generation R,Years 9-12 (Phase 3),MRI,Generation R > Years 9-12 (Phase 3) > MRI > MRI child 9 years,https://p-epi-wiki.erasmusmc.nl/wiki/data/shop.php?wiki=genrwiki&item=001298,General,
CHILDMRICARDIO_standardizedbsa_12102018,Generation R,Years 9-12 (Phase 3),MRI,Generation R > Years 9-12 (Phase 3) > MRI > MRI child 9 years,https://p-epi-wiki.erasmusmc.nl/wiki/data/shop.php?wiki=genrwiki&item=001069,Vincent Jaddoe,
CHILDMRICARDIO9inclZ_14122016,Generation R,Years 9-12 (Phase 3),MRI,Generation R > Years 9-12 (Phase 3) > MRI > MRI child 9 years,https://p-epi-wiki.erasmusmc.nl/wiki/data/shop.php?wiki=genrwiki&item=001070,Vincent Jaddoe,
CHILDMRIFATMASS9_14122016,Generation R,Years 9-12 (Phase 3),MRI,Generation R > Years 9-12 (Phase 3) > MRI > MRI child 9 years,https://p-epi-wiki.erasmusmc.nl/wiki/data/shop.php?wiki=genrwiki&item=001071,Vincent Jaddoe,
CHILDMRIABDOMEN9_23112016,Generation R,Years 9-12 (Phase 3),MRI,Generation R > Years 9-12 (Phase 3) > MRI > MRI child 9 years,https://p-epi-wiki.erasmusmc.nl/wiki/data/shop.php?wiki=genrwiki&item=001072,Vincent Jaddoe,
CHILDMRIABDOMEN-gonads_23112016,Generation R,Years 9-12 (Phase 3),MRI,Generation R > Years 9-12 (Phase 3) > MRI > MRI child 9 years,https://p-epi-wiki.erasmusmc.nl/wiki/data/shop.php?wiki=genrwiki&item=001352,Vincent Jaddoe,
CHILDMRI9_pinealis_cerebellar_tonsils_03062021,Generation R,Years 9-12 (Phase 3),MRI,Generation R > Years 9-12 (Phase 3) > MRI > MRI child 9 years,https://p-epi-wiki.erasmusmc.nl/wiki/data/shop.php?wiki=genrwiki&item=001216,"Pauline Jansen, Manon Hillegers",
f5_f9_DTI_atpx_RLM-Distribution_26Jan2017b_labels,Generation R,Years 9-12 (Phase 3),MRI,Generation R > Years 9-12 (Phase 3) > MRI > MRI child 9 years,,"Pauline Jansen, Manon Hillegers",
CHILDMRI9_exclusionlistbrain_10052017,Generation R,Years 9-12 (Phase 3),MRI,Generation R > Years 9-12 (Phase 3) > MRI > MRI child 9 years,,"Pauline Jansen, Manon Hillegers",
CHILD_Edingburgh HandednessF9_30102020,Generation R,Years 9-12 (Phase 3),MRI,Generation R > Years 9-12 (Phase 3) > MRI > MRI child 9 years,https://p-epi-wiki.erasmusmc.nl/wiki/data/shop.php?wiki=genrwiki&item=001142,"Pauline Jansen, Manon Hillegers",
CHILDMRI9_IFpinealgland_26092019,Generation R,Years 9-12 (Phase 3),MRI,Generation R > Years 9-12 (Phase 3) > MRI > MRI child 9 years,https://p-epi-wiki.erasmusmc.nl/wiki/data/shop.php?wiki=genrwiki&item=001037,General,
Child_Season_Visit13Y_20251021,Generation R,Focus op 13,General data,Generation R > Focus op 13 > General data,https://p-epi-wiki.erasmusmc.nl/wiki/data/shop.php?wiki=genrwiki&item=003006,,
Child_EyeTracking_Visit13Y_20250805,Generation R,Focus op 13,Hands on measurements and ultrasounds,Generation R > Focus op 13 > Hands on measurements and ultrasounds > Behaviour Focus@13,https://p-epi-wiki.erasmusmc.nl/wiki/data/shop.php?wiki=genrwiki&item=002709,"Pauline Jansen, Manon Hillegers",
QC-document_SocialAttentionTask_Child13Y_04092024,Generation R,Focus op 13,Hands on measurements and ultrasounds,Generation R > Focus op 13 > Hands on measurements and ultrasounds > Behaviour Focus@13,https://p-epi-wiki.erasmusmc.nl/wiki/data/shop.php?wiki=genrwiki&item=001547,,
Child_MentalHealthCare_Visit13Y_20250805,Generation R,Focus op 13,Hands on measurements and ultrasounds,Generation R > Focus op 13 > Hands on measurements and ultrasounds > Behaviour Focus@13,https://p-epi-wiki.erasmusmc.nl/wiki/data/shop.php?wiki=genrwiki&item=002707,"Pauline Jansen, Manon Hillegers",
Mental health care use categorization explanation 1-7-2020,Generation R,Focus op 13,Hands on measurements and ultrasounds,Generation R > Focus op 13 > Hands on measurements and ultrasounds > Behaviour Focus@13,https://p-epi-wiki.erasmusmc.nl/wiki/data/shop.php?wiki=genrwiki&item=001117,,
Child_TrackingTeens_App13Y_20250805,Generation R,Focus op 13,Hands on measurements and ultrasounds,Generation R > Focus op 13 > Hands on measurements and ultrasounds > Behaviour Focus@13,https://p-epi-wiki.erasmusmc.nl/wiki/data/shop.php?wiki=genrwiki&item=001918,,
Child_TrackingTeensOnboarding_App13Y_20250805,Generation R,Focus op 13,Hands on measurements and ultrasounds,Generation R > Focus op 13 > Hands on measurements and ultrasounds > Behaviour Focus@13,https://p-epi-wiki.erasmusmc.nl/wiki/data/shop.php?wiki=genrwiki&item=001917,,
Child_WISC-V_Visit13Y_20250805,Generation R,Focus op 13,Hands on measurements and ultrasounds,Generation R > Focus op 13 > Hands on measurements and ultrasounds > Behaviour Focus@13,https://p-epi-wiki.erasmusmc.nl/wiki/data/shop.php?wiki=genrwiki&item=002710,"Pauline Jansen, Manon Hillegers",
wisc_tscores_03052021,Generation R,Focus op 13,Hands on measurements and ultrasounds,Generation R > Focus op 13 > Hands on measurements and ultrasounds > Behaviour Focus@13,https://p-epi-wiki.erasmusmc.nl/wiki/data/shop.php?wiki=genrwiki&item=001231,,
Father_WAIS_Visit13Y_20250805,Generation R,Focus op 13,Hands on measurements and ultrasounds,Generation R > Focus op 13 > Hands on measurements and ultrasounds > Behaviour Focus@13,https://p-epi-wiki.erasmusmc.nl/wiki/data/shop.php?wiki=genrwiki&item=002706,"Pauline Jansen, Manon Hillegers",
Mother_WAIS_Visit13Y_20250805,Generation R,Focus op 13,Hands on measurements and ultrasounds,Generation R > Focus op 13 > Hands on measurements and ultrasounds > Behaviour Focus@13,https://p-epi-wiki.erasmusmc.nl/wiki/data/shop.php?wiki=genrwiki&item=002705,"Pauline Jansen, Manon Hillegers",
QC_Document_WISCWAIS_Parents_F13_05092024,Generation R,Focus op 13,Hands on measurements and ultrasounds,Generation R > Focus op 13 > Hands on measurements and ultrasounds > Behaviour Focus@13,https://p-epi-wiki.erasmusmc.nl/wiki/data/shop.php?wiki=genrwiki&item=001548,,
Child_AcneGrading_Visit13Y_20250805,Generation R,Focus op 13,Hands on measurements and ultrasounds,Generation R > Focus op 13 > Hands on measurements and ultrasounds > Dermatology F@13,https://p-epi-wiki.erasmusmc.nl/wiki/data/shop.php?wiki=genrwiki&item=002712,Luba Pardo Cortes',
Child_ChoroidOCT_09-17Y_20251023,Generation R,Focus op 13,Hands on measurements and ultrasounds,Generation R > Focus op 13 > Hands on measurements and ultrasounds > Eyes Focus@13,https://p-epi-wiki.erasmusmc.nl/wiki/data/shop.php?wiki=genrwiki&item=003009,Caroline Klaver,
QC_Child_ChoroidOCT_9-13Y_20250327,Generation R,Focus op 13,Hands on measurements and ultrasounds,Generation R > Focus op 13 > Hands on measurements and ultrasounds > Eyes Focus@13,https://p-epi-wiki.erasmusmc.nl/wiki/data/shop.php?wiki=genrwiki&item=001658,Caroline Klaver,
Child_EyeMeasurements_Visit13Y_20250910,Generation R,Focus op 13,Hands on measurements and ultrasounds,Generation R > Focus op 13 > Hands on measurements and ultrasounds > Eyes Focus@13,https://p-epi-wiki.erasmusmc.nl/wiki/data/shop.php?wiki=genrwiki&item=002304,Caroline Klaver,
Child_TotalScreenTime_App13Y_20250805,Generation R,Focus op 13,Hands on measurements and ultrasounds,Generation R > Focus op 13 > Hands on measurements and ultrasounds > Eyes Focus@13,https://p-epi-wiki.erasmusmc.nl/wiki/data/shop.php?wiki=genrwiki&item=001910,,
Child_Hearing_Visit13Y_20250805,Generation R,Focus op 13,Hands on measurements and ultrasounds,Generation R > Focus op 13 > Hands on measurements and ultrasounds > Hearing Focus@13,https://p-epi-wiki.erasmusmc.nl/wiki/data/shop.php?wiki=genrwiki&item=002708,Marc van der Schroeff,
Child_Hearing_App13Y_20250805,Generation R,Focus op 13,Hands on measurements and ultrasounds,Generation R > Focus op 13 > Hands on measurements and ultrasounds > Hearing Focus@13,https://p-epi-wiki.erasmusmc.nl/wiki/data/shop.php?wiki=genrwiki&item=001907,Marc van der Schroeff,
Child_OAE_Visit13Y_20250805,Generation R,Focus op 13,Hands on measurements and ultrasounds,Generation R > Focus op 13 > Hands on measurements and ultrasounds > Hearing Focus@13,https://p-epi-wiki.erasmusmc.nl/wiki/data/shop.php?wiki=genrwiki&item=002711,Marc van der Schroeff,
Child_LungFunction_Visit13Y_20250805,Generation R,Focus op 13,Hands on measurements and ultrasounds,Generation R > Focus op 13 > Hands on measurements and ultrasounds > Lungs Focus@13,https://p-epi-wiki.erasmusmc.nl/wiki/data/shop.php?wiki=genrwiki&item=002714,Liesbeth Duijts,
Child_SRT_Visit13Y_20250805,Generation R,Focus op 13,Hands on measurements and ultrasounds,Generation R > Focus op 13 > Hands on measurements and ultrasounds > Lungs Focus@13,https://p-epi-wiki.erasmusmc.nl/wiki/data/shop.php?wiki=genrwiki&item=002713,Liesbeth Duijts,
Child_BloodPressure_Visit13Y_20250806,Generation R,Focus op 13,Hands on measurements and ultrasounds,Generation R > Focus op 13 > Hands on measurements and ultrasounds > Mother and Child Focus@13,https://p-epi-wiki.erasmusmc.nl/wiki/data/shop.php?wiki=genrwiki&item=002715,Vincent Jaddoe,
Child_DXAFemur_Visit13Y_20250806,Generation R,Focus op 13,Hands on measurements and ultrasounds,Generation R > Focus op 13 > Hands on measurements and ultrasounds > Mother and Child Focus@13,https://p-epi-wiki.erasmusmc.nl/wiki/data/shop.php?wiki=genrwiki&item=002716,"Vincent Jaddoe, Fernando Rivadeneira",
Child_DXASpine_Visit13Y_20250806,Generation R,Focus op 13,Hands on measurements and ultrasounds,Generation R > Focus op 13 > Hands on measurements and ultrasounds > Mother and Child Focus@13,https://p-epi-wiki.erasmusmc.nl/wiki/data/shop.php?wiki=genrwiki&item=002717,"Vincent Jaddoe, Fernando Rivadeneira",
Child_DXATotalBody_Visit13Y_20250618,Generation R,Focus op 13,Hands on measurements and ultrasounds,Generation R > Focus op 13 > Hands on measurements and ultrasounds > Mother and Child Focus@13,https://p-epi-wiki.erasmusmc.nl/wiki/data/shop.php?wiki=genrwiki&item=002718,"Vincent Jaddoe, Fernando Rivadeneira",
Child_Growth_Visit13Y_20250910 Add this file to your basket Add this file to your basket PI: Vincent Jaddoe,Generation R,Focus op 13,Hands on measurements and ultrasounds,Generation R > Focus op 13 > Hands on measurements and ultrasounds > Mother and Child Focus@13,https://p-epi-wiki.erasmusmc.nl/wiki/data/shop.php?wiki=genrwiki&item=002296,,
Child_Obesity_Visit13Y_20250910,Generation R,Focus op 13,Hands on measurements and ultrasounds,Generation R > Focus op 13 > Hands on measurements and ultrasounds > Mother and Child Focus@13,https://p-epi-wiki.erasmusmc.nl/wiki/data/shop.php?wiki=genrwiki&item=002300,Vincent Jaddoe,
Child_PhysicalDevelopment_Visit13Y_20250806,Generation R,Focus op 13,Hands on measurements and ultrasounds,Generation R > Focus op 13 > Hands on measurements and ultrasounds > Mother and Child Focus@13,https://p-epi-wiki.erasmusmc.nl/wiki/data/shop.php?wiki=genrwiki&item=002720,Vincent Jaddoe,
Child_WaistHipCircumference_Visit13Y_20250910,Generation R,Focus op 13,Hands on measurements and ultrasounds,Generation R > Focus op 13 > Hands on measurements and ultrasounds > Mother and Child Focus@13,https://p-epi-wiki.erasmusmc.nl/wiki/data/shop.php?wiki=genrwiki&item=002719,Vincent Jaddoe,
Mother_Anthropometry_Visit13_20250604,Generation R,Focus op 13,Hands on measurements and ultrasounds,Generation R > Focus op 13 > Hands on measurements and ultrasounds > Mother and Child Focus@13,https://p-epi-wiki.erasmusmc.nl/wiki/data/shop.php?wiki=genrwiki&item=001769,Eric Steegers,
Mother_BloodPressure_Visit13Y_20250604,Generation R,Focus op 13,Hands on measurements and ultrasounds,Generation R > Focus op 13 > Hands on measurements and ultrasounds > Mother and Child Focus@13,https://p-epi-wiki.erasmusmc.nl/wiki/data/shop.php?wiki=genrwiki&item=002722,Eric Steegers,
Cleaning Mother F13_20-12-2019,Generation R,Focus op 13,Hands on measurements and ultrasounds,Generation R > Focus op 13 > Hands on measurements and ultrasounds > Mother and Child Focus@13,https://p-epi-wiki.erasmusmc.nl/wiki/data/shop.php?wiki=genrwiki&item=001055,Eric Steegers,
Mother_Hypertension_Visit13Y_20250806,Generation R,Focus op 13,Hands on measurements and ultrasounds,Generation R > Focus op 13 > Hands on measurements and ultrasounds > Mother and Child Focus@13,https://p-epi-wiki.erasmusmc.nl/wiki/data/shop.php?wiki=genrwiki&item=002721,Eric Steegers,
Child_OPGScoring_Visit13Y_20250806,Generation R,Focus op 13,Hands on measurements and ultrasounds,Generation R > Focus op 13 > Hands on measurements and ultrasounds > Teeth & jaw development Focus@13,https://p-epi-wiki.erasmusmc.nl/wiki/data/shop.php?wiki=genrwiki&item=002723,Eppo Wolvius,
Child_Teeth_Visit13Y_20250806,Generation R,Focus op 13,Hands on measurements and ultrasounds,Generation R > Focus op 13 > Hands on measurements and ultrasounds > Teeth & jaw development Focus@13,https://p-epi-wiki.erasmusmc.nl/wiki/data/shop.php?wiki=genrwiki&item=002724,Eppo Wolvius,
Child_AntibioticUse_Visit13Y_20250806,Generation R,Focus op 13,Interviews & Questionnaires,Generation R > Focus op 13 > Interviews & Questionnaires > Interview F13 visit,https://p-epi-wiki.erasmusmc.nl/wiki/data/shop.php?wiki=genrwiki&item=002726,,
Child_ENTSpecialist_Visit13Y_20250806,Generation R,Focus op 13,Interviews & Questionnaires,Generation R > Focus op 13 > Interviews & Questionnaires > Interview F13 visit,https://p-epi-wiki.erasmusmc.nl/wiki/data/shop.php?wiki=genrwiki&item=002728,,
Child_LungMedicationUse_Visit13Y_20250806,Generation R,Focus op 13,Interviews & Questionnaires,Generation R > Focus op 13 > Interviews & Questionnaires > Interview F13 visit,https://p-epi-wiki.erasmusmc.nl/wiki/data/shop.php?wiki=genrwiki&item=002725,,
Child_ParentInterviewF2-F3_Visit13Y_20250806,Generation R,Focus op 13,Interviews & Questionnaires,Generation R > Focus op 13 > Interviews & Questionnaires > Interview F13 visit,https://p-epi-wiki.erasmusmc.nl/wiki/data/shop.php?wiki=genrwiki&item=002727,"Pauline Jansen, Manon Hillegers",
Child_RiskBehaviour_Visit13Y_20250806,Generation R,Focus op 13,Interviews & Questionnaires,Generation R > Focus op 13 > Interviews & Questionnaires > Interview F13 visit,https://p-epi-wiki.erasmusmc.nl/wiki/data/shop.php?wiki=genrwiki&item=002784,"Pauline Jansen, Manon Hillegers",
Parent_B01-02_GR1093_20251020,Generation R,Focus op 13,Interviews & Questionnaires,Generation R > Focus op 13 > Interviews & Questionnaires > GR1093 Questionnaire My teenager part 1 > B. Home and family,https://p-epi-wiki.erasmusmc.nl/wiki/data/shop.php?wiki=genrwiki&item=002938,,
Family_Income_GR1093_20251020,Generation R,Focus op 13,Interviews & Questionnaires,Generation R > Focus op 13 > Interviews & Questionnaires > GR1093 Questionnaire My teenager part 1 > B. Home and family,https://p-epi-wiki.erasmusmc.nl/wiki/data/shop.php?wiki=genrwiki&item=002942,,
Family_B08-11_GR1093_20251020,Generation R,Focus op 13,Interviews & Questionnaires,Generation R > Focus op 13 > Interviews & Questionnaires > GR1093 Questionnaire My teenager part 1 > B. Home and family,https://p-epi-wiki.erasmusmc.nl/wiki/data/shop.php?wiki=genrwiki&item=002944,,
Parent_B12_GR1093_20251020,Generation R,Focus op 13,Interviews & Questionnaires,Generation R > Focus op 13 > Interviews & Questionnaires > GR1093 Questionnaire My teenager part 1 > B. Home and family,https://p-epi-wiki.erasmusmc.nl/wiki/data/shop.php?wiki=genrwiki&item=002943,,
Family_C_GR1093_20251020,Generation R,Focus op 13,Interviews & Questionnaires,Generation R > Focus op 13 > Interviews & Questionnaires > GR1093 Questionnaire My teenager part 1 > C. Lifestyle,https://p-epi-wiki.erasmusmc.nl/wiki/data/shop.php?wiki=genrwiki&item=002939,,
Child_D01-12_GR1093_20251020,Generation R,Focus op 13,Interviews & Questionnaires,Generation R > Focus op 13 > Interviews & Questionnaires > GR1093 Questionnaire My teenager part 1 > D. Asthma and allergies,https://p-epi-wiki.erasmusmc.nl/wiki/data/shop.php?wiki=genrwiki&item=002940,Liesbeth Duyts,
Child_D17-18_GR1093_20251020,Generation R,Focus op 13,Interviews & Questionnaires,Generation R > Focus op 13 > Interviews & Questionnaires > GR1093 Questionnaire My teenager part 1 > D. Asthma and allergies,https://p-epi-wiki.erasmusmc.nl/wiki/data/shop.php?wiki=genrwiki&item=002941,Liesbeth Duyts,
QC_Child_Asthma_GR1093-D1-12_D17-18_20250313,Generation R,Focus op 13,Interviews & Questionnaires,Generation R > Focus op 13 > Interviews & Questionnaires > GR1093 Questionnaire My teenager part 1 > D. Asthma and allergies,https://p-epi-wiki.erasmusmc.nl/wiki/data/shop.php?wiki=genrwiki&item=001707,,
Child_D13-16_GR1093_20251020,Generation R,Focus op 13,Interviews & Questionnaires,Generation R > Focus op 13 > Interviews & Questionnaires > GR1093 Questionnaire My teenager part 1 > D. Asthma and allergies,https://p-epi-wiki.erasmusmc.nl/wiki/data/shop.php?wiki=genrwiki&item=002937,Luba Pardo Cortes,
Child_CBCL_GR1093_20251020,Generation R,Focus op 13,Interviews & Questionnaires,Generation R > Focus op 13 > Interviews & Questionnaires > GR1093 Questionnaire My teenager part 1 > E. Behaviour,https://p-epi-wiki.erasmusmc.nl/wiki/data/shop.php?wiki=genrwiki&item=002945,"Pauline Jansen, Manon Hillegers",
Child_SRS_GR1093_20251020,Generation R,Focus op 13,Interviews & Questionnaires,Generation R > Focus op 13 > Interviews & Questionnaires > GR1093 Questionnaire My teenager part 1 > E. Behaviour,https://p-epi-wiki.erasmusmc.nl/wiki/data/shop.php?wiki=genrwiki&item=002935,"Pauline Jansen, Manon Hillegers",
Child_SOCS_GR1093_20251020,Generation R,Focus op 13,Interviews & Questionnaires,Generation R > Focus op 13 > Interviews & Questionnaires > GR1093 Questionnaire My teenager part 1 > E. Behaviour,https://p-epi-wiki.erasmusmc.nl/wiki/data/shop.php?wiki=genrwiki&item=002934,"Pauline Jansen, Manon Hillegers",
Child_IC_GR1093_20251020,Generation R,Focus op 13,Interviews & Questionnaires,Generation R > Focus op 13 > Interviews & Questionnaires > GR1093 Questionnaire My teenager part 1 > E. Behaviour,https://p-epi-wiki.erasmusmc.nl/wiki/data/shop.php?wiki=genrwiki&item=002933,"Pauline Jansen, Manon Hillegers",
Child_F_GR1093_20251020,Generation R,Focus op 13,Interviews & Questionnaires,Generation R > Focus op 13 > Interviews & Questionnaires > GR1093 Questionnaire My teenager part 1 > F. School,https://p-epi-wiki.erasmusmc.nl/wiki/data/shop.php?wiki=genrwiki&item=002932,"Pauline Jansen, Manon Hillegers",
Child_G_GR1093_20251020,Generation R,Focus op 13,Interviews & Questionnaires,Generation R > Focus op 13 > Interviews & Questionnaires > GR1093 Questionnaire My teenager part 1 > G. Social media,https://p-epi-wiki.erasmusmc.nl/wiki/data/shop.php?wiki=genrwiki&item=002931,Pauline Jansen,
Child_H_GR1093_20260408,Generation R,Focus op 13,Interviews & Questionnaires,Generation R > Focus op 13 > Interviews & Questionnaires > GR1093 Questionnaire My teenager part 1 > H. Skeletal system,https://p-epi-wiki.erasmusmc.nl/wiki/data/shop.php?wiki=genrwiki&item=003069,Fernando Rivadeneira,
QC_Child_H_GR1093_20260408,Generation R,Focus op 13,Interviews & Questionnaires,Generation R > Focus op 13 > Interviews & Questionnaires > GR1093 Questionnaire My teenager part 1 > H. Skeletal system,https://p-epi-wiki.erasmusmc.nl/wiki/data/shop.php?wiki=genrwiki&item=003070,,
Child_I04-06_GR1093_20251020,Generation R,Focus op 13,Interviews & Questionnaires,Generation R > Focus op 13 > Interviews & Questionnaires > GR1093 Questionnaire My teenager part 1 > I. Eyes,https://p-epi-wiki.erasmusmc.nl/wiki/data/shop.php?wiki=genrwiki&item=002946,Caroline Klaver,
Parent_B01-07_GR1094_20251020,Generation R,Focus op 13,Interviews & Questionnaires,Generation R > Focus op 13 > Interviews & Questionnaires > GR1094 Questionnaire My teenager part 2 > B. Physical activity,https://p-epi-wiki.erasmusmc.nl/wiki/data/shop.php?wiki=genrwiki&item=002952,,
Parent_C_GR1094_20251020,Generation R,Focus op 13,Interviews & Questionnaires,Generation R > Focus op 13 > Interviews & Questionnaires > GR1094 Questionnaire My teenager part 2 > C. Eating habits,https://p-epi-wiki.erasmusmc.nl/wiki/data/shop.php?wiki=genrwiki&item=002951,"Pauline Jansen, Manon Hillegers",
Child_C07-08_GR1094_20251020,Generation R,Focus op 13,Interviews & Questionnaires,Generation R > Focus op 13 > Interviews & Questionnaires > GR1094 Questionnaire My teenager part 2 > C. Eating habits,https://p-epi-wiki.erasmusmc.nl/wiki/data/shop.php?wiki=genrwiki&item=002950,,
Child_C12-13_GR1094_20251020,Generation R,Focus op 13,Interviews & Questionnaires,Generation R > Focus op 13 > Interviews & Questionnaires > GR1094 Questionnaire My teenager part 2 > C. Eating habits,https://p-epi-wiki.erasmusmc.nl/wiki/data/shop.php?wiki=genrwiki&item=002961,,
Child_E_GR1094_20251020,Generation R,Focus op 13,Interviews & Questionnaires,Generation R > Focus op 13 > Interviews & Questionnaires > GR1094 Questionnaire My teenager part 2 > E. Hearing,https://p-epi-wiki.erasmusmc.nl/wiki/data/shop.php?wiki=genrwiki&item=002949,Marc van der Schroeff,
Child_F_GR1094_20251020,Generation R,Focus op 13,Interviews & Questionnaires,Generation R > Focus op 13 > Interviews & Questionnaires > GR1094 Questionnaire My teenager part 2 > F. Teeth,https://p-epi-wiki.erasmusmc.nl/wiki/data/shop.php?wiki=genrwiki&item=002948,Eppo Wolvius,
Child_G_GR1095_20251020,Generation R,Focus op 13,Interviews & Questionnaires,Generation R > Focus op 13 > Interviews & Questionnaires > GR1094 Questionnaire My teenager part 2 > G. Language,https://p-epi-wiki.erasmusmc.nl/wiki/data/shop.php?wiki=genrwiki&item=002953,,
Child_BRIEF_GR1094_20251020,Generation R,Focus op 13,Interviews & Questionnaires,Generation R > Focus op 13 > Interviews & Questionnaires > GR1094 Questionnaire My teenager part 2 > I. Behaviour,https://p-epi-wiki.erasmusmc.nl/wiki/data/shop.php?wiki=genrwiki&item=002947,"Pauline Jansen, Manon Hilligers",
GenR_GR1094-I_Brief 13_QC_Document_28-05-2024,Generation R,Focus op 13,Interviews & Questionnaires,Generation R > Focus op 13 > Interviews & Questionnaires > GR1094 Questionnaire My teenager part 2 > I. Behaviour,https://p-epi-wiki.erasmusmc.nl/wiki/data/shop.php?wiki=genrwiki&item=001475,,
Child_General_GR1095_20251020,Generation R,Focus op 13,Interviews & Questionnaires,Generation R > Focus op 13 > Interviews & Questionnaires > GR1095 My questionnaire - part 1 > A. General,https://p-epi-wiki.erasmusmc.nl/wiki/data/shop.php?wiki=genrwiki&item=002959,,
Child_Sports_GR1095_20251020,Generation R,Focus op 13,Interviews & Questionnaires,Generation R > Focus op 13 > Interviews & Questionnaires > GR1095 My questionnaire - part 1 > B. Free time and sports,https://p-epi-wiki.erasmusmc.nl/wiki/data/shop.php?wiki=genrwiki&item=002958,,"general, for info on categorization of sports type contact group of Sita Bierma-Zeinstra"
QC_Document_GR1095B_Sports_20240627_fordatawiki,Generation R,Focus op 13,Interviews & Questionnaires,Generation R > Focus op 13 > Interviews & Questionnaires > GR1095 My questionnaire - part 1 > B. Free time and sports,https://p-epi-wiki.erasmusmc.nl/wiki/data/shop.php?wiki=genrwiki&item=001625,,
Child_C_GR1095_20251020,Generation R,Focus op 13,Interviews & Questionnaires,Generation R > Focus op 13 > Interviews & Questionnaires > GR1095 My questionnaire - part 1 > C. Friends,https://p-epi-wiki.erasmusmc.nl/wiki/data/shop.php?wiki=genrwiki&item=002957,"Pauline Jansen, Manon Hillegers",
Child_D_GR1095_20251020,Generation R,Focus op 13,Interviews & Questionnaires,Generation R > Focus op 13 > Interviews & Questionnaires > GR1095 My questionnaire - part 1 > D. My Character,https://p-epi-wiki.erasmusmc.nl/wiki/data/shop.php?wiki=genrwiki&item=002956,"Pauline Jansen, Manon Hillegers",
Child_E_GR1095_20251020,Generation R,Focus op 13,Interviews & Questionnaires,Generation R > Focus op 13 > Interviews & Questionnaires > GR1095 My questionnaire - part 1 > E. Sociale media en games,https://p-epi-wiki.erasmusmc.nl/wiki/data/shop.php?wiki=genrwiki&item=002955,Pauline Jansen,
Child_F_GR1095_20251020,Generation R,Focus op 13,Interviews & Questionnaires,Generation R > Focus op 13 > Interviews & Questionnaires > GR1095 My questionnaire - part 1 > F. Gedrag,https://p-epi-wiki.erasmusmc.nl/wiki/data/shop.php?wiki=genrwiki&item=002963,"Pauline Jansen, Manon Hillegers",
Child_G_GR1095_20251020,Generation R,Focus op 13,Interviews & Questionnaires,Generation R > Focus op 13 > Interviews & Questionnaires > GR1095 My questionnaire - part 1 > G. Puberteit,https://p-epi-wiki.erasmusmc.nl/wiki/data/shop.php?wiki=genrwiki&item=002962,,
Child_General_GR1096_20251013,Generation R,Focus op 13,Interviews & Questionnaires,Generation R > Focus op 13 > Interviews & Questionnaires > GR1096 My questionnaire - part 2 > A. General,https://p-epi-wiki.erasmusmc.nl/wiki/data/shop.php?wiki=genrwiki&item=002828,,
Child_B_GR1096_20251013,Generation R,Focus op 13,Interviews & Questionnaires,Generation R > Focus op 13 > Interviews & Questionnaires > GR1096 My questionnaire - part 2 > B. Eating Behaviour,https://p-epi-wiki.erasmusmc.nl/wiki/data/shop.php?wiki=genrwiki&item=002827,"Pauline Jansen, Manon Hillegers",
Child_C_GR1096_20251014,Generation R,Focus op 13,Interviews & Questionnaires,Generation R > Focus op 13 > Interviews & Questionnaires > GR1096 My questionnaire - part 2 > C. Movement,https://p-epi-wiki.erasmusmc.nl/wiki/data/shop.php?wiki=genrwiki&item=002900,,
Child_D_GR1096_20251014,Generation R,Focus op 13,Interviews & Questionnaires,Generation R > Focus op 13 > Interviews & Questionnaires > GR1096 My questionnaire - part 2 > D. Selfconfidence and thoughts,https://p-epi-wiki.erasmusmc.nl/wiki/data/shop.php?wiki=genrwiki&item=002899,"Pauline Jansen, Manon Hillegers",
Child_E_GR1096_20251015,Generation R,Focus op 13,Interviews & Questionnaires,Generation R > Focus op 13 > Interviews & Questionnaires > GR1096 My questionnaire - part 2 > E. Sleeping,https://p-epi-wiki.erasmusmc.nl/wiki/data/shop.php?wiki=genrwiki&item=002898,"Pauline Jansen, Manon Hillegers",
Child_F06-07_GR1096_20251015,Generation R,Focus op 13,Interviews & Questionnaires,Generation R > Focus op 13 > Interviews & Questionnaires > GR1096 My questionnaire - part 2 > F. Health,https://p-epi-wiki.erasmusmc.nl/wiki/data/shop.php?wiki=genrwiki&item=002897,Liesbeth Duijts,
Child_F10-22_GR1096_20251015,Generation R,Focus op 13,Interviews & Questionnaires,Generation R > Focus op 13 > Interviews & Questionnaires > GR1096 My questionnaire - part 2 > F. Health,https://p-epi-wiki.erasmusmc.nl/wiki/data/shop.php?wiki=genrwiki&item=002896,Amy van Grieken,
Child_G01-10_GR1096_20251015,Generation R,Focus op 13,Interviews & Questionnaires,Generation R > Focus op 13 > Interviews & Questionnaires > GR1096 My questionnaire - part 2 > G. Eyes and ears,https://p-epi-wiki.erasmusmc.nl/wiki/data/shop.php?wiki=genrwiki&item=002895,Marc van der Schroeff,
Child_G11-16_GR1096_20251015,Generation R,Focus op 13,Interviews & Questionnaires,Generation R > Focus op 13 > Interviews & Questionnaires > GR1096 My questionnaire - part 2 > G. Eyes and ears,https://p-epi-wiki.erasmusmc.nl/wiki/data/shop.php?wiki=genrwiki&item=002894,Caroline Klaver,
CHILD_CovidQuestionnaire1_27122021,Generation R,Focus op 13,Interviews & Questionnaires,Generation R > Focus op 13 > Interviews & Questionnaires > COVID,https://p-epi-wiki.erasmusmc.nl/wiki/data/shop.php?wiki=genrwiki&item=001267,"Pauline Jansen, Caroline Klaver",
CHILD_CovidQuestionnaire2_15122021,Generation R,Focus op 13,Interviews & Questionnaires,Generation R > Focus op 13 > Interviews & Questionnaires > COVID,https://p-epi-wiki.erasmusmc.nl/wiki/data/shop.php?wiki=genrwiki&item=001262,"Pauline Jansen, Caroline Klaver",
CHILD_CovidQuestionnaireFU1_15122021,Generation R,Focus op 13,Interviews & Questionnaires,Generation R > Focus op 13 > Interviews & Questionnaires > COVID,https://p-epi-wiki.erasmusmc.nl/wiki/data/shop.php?wiki=genrwiki&item=001263,"Pauline Jansen, Caroline Klaver",
CHILD_CovidQuestionnaireFU2_15122021,Generation R,Focus op 13,Interviews & Questionnaires,Generation R > Focus op 13 > Interviews & Questionnaires > COVID,https://p-epi-wiki.erasmusmc.nl/wiki/data/shop.php?wiki=genrwiki&item=001264,"Pauline Jansen, Caroline Klaver",
CHILDMRI13respons_08072021,Generation R,Focus op 13,MRI,Generation R > Focus op 13 > MRI > MRI child 13 years,https://p-epi-wiki.erasmusmc.nl/wiki/data/shop.php?wiki=genrwiki&item=001225,,General
ChildMRIBrainif_F13_10122020.sav,Generation R,Focus op 13,MRI,Generation R > Focus op 13 > MRI > MRI child 13 years,https://p-epi-wiki.erasmusmc.nl/wiki/data/shop.php?wiki=genrwiki&item=001176,,General
CHILDMRI13_GR1098_B5_Pain_24032021.sav,Generation R,Focus op 13,MRI,Generation R > Focus op 13 > MRI > MRI child 13 years,https://p-epi-wiki.erasmusmc.nl/wiki/data/shop.php?wiki=genrwiki&item=001174,Sita Bierma - Zeinstra,
CHILDMRI13fatmass_25042022,Generation R,Focus op 13,MRI,Generation R > Focus op 13 > MRI > MRI child 13 years,https://p-epi-wiki.erasmusmc.nl/wiki/data/shop.php?wiki=genrwiki&item=001282,Sita Bierma - Zeinstra,
CHILDMRI13_KneeScoring_07022023,Generation R,Focus op 13,MRI,Generation R > Focus op 13 > MRI > MRI child 13 years,https://p-epi-wiki.erasmusmc.nl/wiki/data/shop.php?wiki=genrwiki&item=001365,Sita Bierma - Zeinstra,
MRIparent_Cognition_fulldata_20210720,Generation R,Focus op 13,MRI,Generation R > Focus op 13 > MRI > MRI Mother Focus@13 MRI parents > Cognition,https://p-epi-wiki.erasmusmc.nl/wiki/data/shop.php?wiki=genrwiki&item=001232,"Arfan Ikram, Vincent Jaddoe",
MRIparent_Cognition_limited_20210720,Generation R,Focus op 13,MRI,Generation R > Focus op 13 > MRI > MRI Mother Focus@13 MRI parents > Cognition,https://p-epi-wiki.erasmusmc.nl/wiki/data/shop.php?wiki=genrwiki&item=001233,"Arfan Ikram, Vincent Jaddoe",
MRIparent_MRIcore_data_20220728,Generation R,Focus op 13,MRI,Generation R > Focus op 13 > MRI > MRI Mother Focus@13 MRI parents > MRI,https://p-epi-wiki.erasmusmc.nl/wiki/data/shop.php?wiki=genrwiki&item=001355,"Arfan Ikram, Bas van Rijn, Vincent Jaddoe",
MRIparent_CMB_infarcten_31052021,Generation R,Focus op 13,MRI,Generation R > Focus op 13 > MRI > MRI Mother Focus@13 MRI parents > MRI,https://p-epi-wiki.erasmusmc.nl/wiki/data/shop.php?wiki=genrwiki&item=001235,"Bas van Rijn, Vincent Jaddoe",
MRIparent_WMH_01072021,Generation R,Focus op 13,MRI,Generation R > Focus op 13 > MRI > MRI Mother Focus@13 MRI parents > MRI,https://p-epi-wiki.erasmusmc.nl/wiki/data/shop.php?wiki=genrwiki&item=001236,"Bas van Rijn, Vincent Jaddoe",
MRIparent_Weight_Jumping_Plate_Complete_01072021,Generation R,Focus op 13,MRI,Generation R > Focus op 13 > MRI > MRI Mother Focus@13 MRI parents > MRI,https://p-epi-wiki.erasmusmc.nl/wiki/data/shop.php?wiki=genrwiki&item=001246,"Arfan Ikram, Vincent Jaddoe",
MRIparent_form_19082021,Generation R,Focus op 13,MRI,Generation R > Focus op 13 > MRI > MRI Mother Focus@13 MRI parents > MRI,https://p-epi-wiki.erasmusmc.nl/wiki/data/shop.php?wiki=genrwiki&item=001278,"Arfan Ikram, Bas van Rijn, Vincent Jaddoe",
MRIparent_interview_19082021,Generation R,Focus op 13,MRI,Generation R > Focus op 13 > MRI > MRI Mother Focus@13 MRI parents > MRI,https://p-epi-wiki.erasmusmc.nl/wiki/data/shop.php?wiki=genrwiki&item=001279,"Arfan Ikram, Bas van Rijn",
parentmri_freesurfer_v6_05Apr2022_aparc_stats_pull30Apr2021,Generation R,Focus op 13,MRI,Generation R > Focus op 13 > MRI > MRI Mother Focus@13 MRI parents > MRI,https://p-epi-wiki.erasmusmc.nl/wiki/data/shop.php?wiki=genrwiki&item=001359,"Arfan Ikram, Vincent Jaddoe",
parentmri_freesurfer_v6_05Apr2022_aseg_stats_pull30Apr2021,Generation R,Focus op 13,MRI,Generation R > Focus op 13 > MRI > MRI Mother Focus@13 MRI parents > MRI,https://p-epi-wiki.erasmusmc.nl/wiki/data/shop.php?wiki=genrwiki&item=001360,"Arfan Ikram, Vincent Jaddoe",
parentmri_freesurfer_v6_05Apr2022_lobes_stats_pull30Apr2021,Generation R,Focus op 13,MRI,Generation R > Focus op 13 > MRI > MRI Mother Focus@13 MRI parents > MRI,https://p-epi-wiki.erasmusmc.nl/wiki/data/shop.php?wiki=genrwiki&item=001361,"Arfan Ikram, Vincent Jaddoe",
parentmri_freesurfer_v6_05Apr2022_tbv_stats_pull30Apr2021,Generation R,Focus op 13,MRI,Generation R > Focus op 13 > MRI > MRI Mother Focus@13 MRI parents > MRI,https://p-epi-wiki.erasmusmc.nl/wiki/data/shop.php?wiki=genrwiki&item=001362,"Arfan Ikram, Vincent Jaddoe",
parentmri_freesurfer_v6_05Apr2022_wmparc_stats_pull30Apr2021,Generation R,Focus op 13,MRI,Generation R > Focus op 13 > MRI > MRI Mother Focus@13 MRI parents > MRI,https://p-epi-wiki.erasmusmc.nl/wiki/data/shop.php?wiki=genrwiki&item=001363,"Arfan Ikram, Vincent Jaddoe",
DTI_data_20220728,Generation R,Focus op 13,MRI,Generation R > Focus op 13 > MRI > MRI Mother Focus@13 MRI parents > MRI,,"Arfan Ikram, Vincent Jaddoe",
Child_GenderIdentitiy_Visit17Y_20251021,Generation R,Focus op 17,General data,Generation R > Focus op 17 > General data,https://p-epi-wiki.erasmusmc.nl/wiki/data/shop.php?wiki=genrwiki&item=003005,,
Child_EyeSurvey_App17Y_20250806,Generation R,Focus op 17,Hands on measurements and ultrasounds,Generation R > Focus op 17 > Hands on measurements and ultrasounds > App Focus@17,https://p-epi-wiki.erasmusmc.nl/wiki/data/shop.php?wiki=genrwiki&item=001948,Caroline Klaver,(previous: CHILDAPP17_eye_surveys_13122024)
Child_ReadingDistance_App17Y_20250806,Generation R,Focus op 17,Hands on measurements and ultrasounds,Generation R > Focus op 17 > Hands on measurements and ultrasounds > App Focus@17,https://p-epi-wiki.erasmusmc.nl/wiki/data/shop.php?wiki=genrwiki&item=001947,Caroline Klaver,(previous: CHILDAPP17_reading_distance_16012025)
QC_Document_App_eye_Child_F17Y_22012025,Generation R,Focus op 17,Hands on measurements and ultrasounds,Generation R > Focus op 17 > Hands on measurements and ultrasounds > App Focus@17,https://p-epi-wiki.erasmusmc.nl/wiki/data/shop.php?wiki=genrwiki&item=001615,,
Child_TeethSurvey_App17Y_20250804,Generation R,Focus op 17,Hands on measurements and ultrasounds,Generation R > Focus op 17 > Hands on measurements and ultrasounds > App Focus@17,https://p-epi-wiki.erasmusmc.nl/wiki/data/shop.php?wiki=genrwiki&item=002138,Eppo Wolvius,
QC_Child_TeethSurvey_App17Y_20250804,Generation R,Focus op 17,Hands on measurements and ultrasounds,Generation R > Focus op 17 > Hands on measurements and ultrasounds > App Focus@17,https://p-epi-wiki.erasmusmc.nl/wiki/data/shop.php?wiki=genrwiki&item=001951,,
Child_EEG_Visit17Y_20250806,Generation R,Focus op 17,Hands on measurements and ultrasounds,Generation R > Focus op 17 > Hands on measurements and ultrasounds > Behaviour Focus@17,https://p-epi-wiki.erasmusmc.nl/wiki/data/shop.php?wiki=genrwiki&item=002775,"Pauline Jansen, Ingmar Franken",
Child_MovementParametersVMA_Visit17Y_20250324,Generation R,Focus op 17,Hands on measurements and ultrasounds,Generation R > Focus op 17 > Hands on measurements and ultrasounds > Behaviour Focus@17,https://p-epi-wiki.erasmusmc.nl/wiki/data/shop.php?wiki=genrwiki&item=002777,"Pauline Jansen, Maarten Frens",
QC_Child_MovementParametersVMA_Visit17_20250324,Generation R,Focus op 17,Hands on measurements and ultrasounds,Generation R > Focus op 17 > Hands on measurements and ultrasounds > Behaviour Focus@17,https://p-epi-wiki.erasmusmc.nl/wiki/data/shop.php?wiki=genrwiki&item=001654,,
Child_ChoroidOCT_09-17Y_20251023,Generation R,Focus op 17,Hands on measurements and ultrasounds,Generation R > Focus op 17 > Hands on measurements and ultrasounds > Eyes Focus@17,https://p-epi-wiki.erasmusmc.nl/wiki/data/shop.php?wiki=genrwiki&item=003009,Caroline Klaver,
Child_EyeMeasurements_Visit17Y_20250910,Generation R,Focus op 17,Hands on measurements and ultrasounds,Generation R > Focus op 17 > Hands on measurements and ultrasounds > Eyes Focus@17,https://p-epi-wiki.erasmusmc.nl/wiki/data/shop.php?wiki=genrwiki&item=002303,Caroline Klaver,
Child_VisualAcuity_Visit17Y_20251201,Generation R,Focus op 17,Hands on measurements and ultrasounds,Generation R > Focus op 17 > Hands on measurements and ultrasounds > Eyes Focus@17,https://p-epi-wiki.erasmusmc.nl/wiki/data/shop.php?wiki=genrwiki&item=003024,Caroline Klaver,
QC_Child_VisualAcuity_Visit17Y_20251201,Generation R,Focus op 17,Hands on measurements and ultrasounds,Generation R > Focus op 17 > Hands on measurements and ultrasounds > Eyes Focus@17,https://p-epi-wiki.erasmusmc.nl/wiki/data/shop.php?wiki=genrwiki&item=003025,,
Child_Hearing_Visit17Y_20250806,Generation R,Focus op 17,Hands on measurements and ultrasounds,Generation R > Focus op 17 > Hands on measurements and ultrasounds > Hearing Focus@17,https://p-epi-wiki.erasmusmc.nl/wiki/data/shop.php?wiki=genrwiki&item=002779,Marc van der Schroeff,
QC_Document_CHILDAUDIO17_02122024,Generation R,Focus op 17,Hands on measurements and ultrasounds,Generation R > Focus op 17 > Hands on measurements and ultrasounds > Hearing Focus@17,https://p-epi-wiki.erasmusmc.nl/wiki/data/shop.php?wiki=genrwiki&item=001572,,
Child_OAE_Visit17Y_20250807,Generation R,Focus op 17,Hands on measurements and ultrasounds,Generation R > Focus op 17 > Hands on measurements and ultrasounds > Hearing Focus@17,https://p-epi-wiki.erasmusmc.nl/wiki/data/shop.php?wiki=genrwiki&item=002778,Marc van der Schroeff,
Child_AgeOfMenarche_13-17Y_20251009 Add this file to your basket,Generation R,Focus op 17,Hands on measurements and ultrasounds,Generation R > Focus op 17 > Hands on measurements and ultrasounds > Mother and Child Focus@17,,Pauline Jansen,
QC_Child_AgeOfMenarch_Multi-GR1095-G-Visit17_20250619,Generation R,Focus op 17,Hands on measurements and ultrasounds,Generation R > Focus op 17 > Hands on measurements and ultrasounds > Mother and Child Focus@17,https://p-epi-wiki.erasmusmc.nl/wiki/data/shop.php?wiki=genrwiki&item=001821,,
Child_BloodPressure_Visit17Y_20250910,Generation R,Focus op 17,Hands on measurements and ultrasounds,Generation R > Focus op 17 > Hands on measurements and ultrasounds > Mother and Child Focus@17,https://p-epi-wiki.erasmusmc.nl/wiki/data/shop.php?wiki=genrwiki&item=002780,Vincent Jaddoe,
QC_Document_CHILDRRF17_17102024,Generation R,Focus op 17,Hands on measurements and ultrasounds,Generation R > Focus op 17 > Hands on measurements and ultrasounds > Mother and Child Focus@17,https://p-epi-wiki.erasmusmc.nl/wiki/data/shop.php?wiki=genrwiki&item=001555,,
Child_DXA_Visit17Y_20250709,Generation R,Focus op 17,Hands on measurements and ultrasounds,Generation R > Focus op 17 > Hands on measurements and ultrasounds > Mother and Child Focus@17,https://p-epi-wiki.erasmusmc.nl/wiki/data/shop.php?wiki=genrwiki&item=002782,Fernando Rivadeneira,
QC_Document_Child_DXA_Visit17_20250709,Generation R,Focus op 17,Hands on measurements and ultrasounds,Generation R > Focus op 17 > Hands on measurements and ultrasounds > Mother and Child Focus@17,https://p-epi-wiki.erasmusmc.nl/wiki/data/shop.php?wiki=genrwiki&item=001832,,
Child_Growth_Visit17Y_20250910,Generation R,Focus op 17,Hands on measurements and ultrasounds,Generation R > Focus op 17 > Hands on measurements and ultrasounds > Mother and Child Focus@17,https://p-epi-wiki.erasmusmc.nl/wiki/data/shop.php?wiki=genrwiki&item=002297,Vincent Jaddoe,
QC_Document_AnthroF17_01102024,Generation R,Focus op 17,Hands on measurements and ultrasounds,Generation R > Focus op 17 > Hands on measurements and ultrasounds > Mother and Child Focus@17,https://p-epi-wiki.erasmusmc.nl/wiki/data/shop.php?wiki=genrwiki&item=001541,,
Child_Obesity_Visit17Y_20250910,Generation R,Focus op 17,Hands on measurements and ultrasounds,Generation R > Focus op 17 > Hands on measurements and ultrasounds > Mother and Child Focus@17,https://p-epi-wiki.erasmusmc.nl/wiki/data/shop.php?wiki=genrwiki&item=002301,Vincent Jaddoe,
Child_SittingHeight_Visit17Y_20250807,Generation R,Focus op 17,Hands on measurements and ultrasounds,Generation R > Focus op 17 > Hands on measurements and ultrasounds > Mother and Child Focus@17,https://p-epi-wiki.erasmusmc.nl/wiki/data/shop.php?wiki=genrwiki&item=002781,Vincent Jaddoe,
Child_IntraOralPictureScore_Visit17Y_20250924,Generation R,Focus op 17,Hands on measurements and ultrasounds,Generation R > Focus op 17 > Hands on measurements and ultrasounds > Teeth & jaw development Focus@17,https://p-epi-wiki.erasmusmc.nl/wiki/data/shop.php?wiki=genrwiki&item=002557,Eppo Wolvius,(previous: Child_Teeth2D_Visit17_20250410)
QC_Child_IntraOralPictureScore_Visit17Y_20250924,Generation R,Focus op 17,Hands on measurements and ultrasounds,Generation R > Focus op 17 > Hands on measurements and ultrasounds > Teeth & jaw development Focus@17,https://p-epi-wiki.erasmusmc.nl/wiki/data/shop.php?wiki=genrwiki&item=002553,,
Child_CTQ_Visit17Y_20250403,Generation R,Focus op 17,Interviews & Questionnaires,Generation R > Focus op 17 > Interviews & Questionnaires > GR1223 Questionnaire Child Visit Focus@17,https://p-epi-wiki.erasmusmc.nl/wiki/data/shop.php?wiki=genrwiki&item=002776,Pauline Jansen,
Child_PMS_Visit17Y_20250929,Generation R,Focus op 17,Interviews & Questionnaires,Generation R > Focus op 17 > Interviews & Questionnaires > GR1223 Questionnaire Child Visit Focus@17,https://p-epi-wiki.erasmusmc.nl/wiki/data/shop.php?wiki=genrwiki&item=002559,,
QC_Child_PMS_Visit17Y_20250929,Generation R,Focus op 17,Interviews & Questionnaires,Generation R > Focus op 17 > Interviews & Questionnaires > GR1223 Questionnaire Child Visit Focus@17,https://p-epi-wiki.erasmusmc.nl/wiki/data/shop.php?wiki=genrwiki&item=002558,Pauline Jansen,
Child_CBCL_GR1201_20251016,Generation R,Focus op 17,Interviews & Questionnaires,Generation R > Focus op 17 > Interviews & Questionnaires > GR1201 The development of my 17/18-year old child - Mother/ main caretaker > B. The behaviour of your child,https://p-epi-wiki.erasmusmc.nl/wiki/data/shop.php?wiki=genrwiki&item=002902,Pauline Jansen,
Syntax_CBCL_F@17_Mulder_Bolhuis_Jansen_FINAL sumscores 16102024 (also to make cut-offs for diagnostic variables),Generation R,Focus op 17,Interviews & Questionnaires,Generation R > Focus op 17 > Interviews & Questionnaires > GR1201 The development of my 17/18-year old child - Mother/ main caretaker > B. The behaviour of your child,,,
Child_C_GR1201_20260422,Generation R,Focus op 17,Interviews & Questionnaires,Generation R > Focus op 17 > Interviews & Questionnaires > GR1201 The development of my 17/18-year old child - Mother/ main caretaker > C. The health of your child,https://p-epi-wiki.erasmusmc.nl/wiki/data/shop.php?wiki=genrwiki&item=003074,Fernando Rivadeneira,
QC_Child_C_GR1201_20260416,Generation R,Focus op 17,Interviews & Questionnaires,Generation R > Focus op 17 > Interviews & Questionnaires > GR1201 The development of my 17/18-year old child - Mother/ main caretaker > C. The health of your child,https://p-epi-wiki.erasmusmc.nl/wiki/data/shop.php?wiki=genrwiki&item=003072,,
Child_Fractures_9-17y_20260424 Combines fracture reports of 9-17y,Generation R,Focus op 17,Interviews & Questionnaires,Generation R > Focus op 17 > Interviews & Questionnaires > GR1201 The development of my 17/18-year old child - Mother/ main caretaker > C. The health of your child,,Fernando Rivadeneira,;
Child_E03-05_GR1201_20260202,Generation R,Focus op 17,Interviews & Questionnaires,Generation R > Focus op 17 > Interviews & Questionnaires > GR1201 The development of my 17/18-year old child - Mother/ main caretaker > E. Your family,https://p-epi-wiki.erasmusmc.nl/wiki/data/shop.php?wiki=genrwiki&item=003055,Amy van Grieken,
QC_Child_E03-05_GR1201_20260202,Generation R,Focus op 17,Interviews & Questionnaires,Generation R > Focus op 17 > Interviews & Questionnaires > GR1201 The development of my 17/18-year old child - Mother/ main caretaker > E. Your family,https://p-epi-wiki.erasmusmc.nl/wiki/data/shop.php?wiki=genrwiki&item=003054,Amy van Grieken,
Mother_BSI_GR1201_20251105,Generation R,Focus op 17,Interviews & Questionnaires,Generation R > Focus op 17 > Interviews & Questionnaires > GR1201 The development of my 17/18-year old child - Mother/ main caretaker > J. Your personality,https://p-epi-wiki.erasmusmc.nl/wiki/data/shop.php?wiki=genrwiki&item=003020,Pauline Jansen,
Mother_BodyImage_GR1201_20251016,Generation R,Focus op 17,Interviews & Questionnaires,Generation R > Focus op 17 > Interviews & Questionnaires > GR1201 The development of my 17/18-year old child - Mother/ main caretaker > J. Your personality,https://p-epi-wiki.erasmusmc.nl/wiki/data/shop.php?wiki=genrwiki&item=002901,Pauline Jansen,
Family_IncomeHousehold_GR1201_20250402,Generation R,Focus op 17,Interviews & Questionnaires,Generation R > Focus op 17 > Interviews & Questionnaires > GR1201 The development of my 17/18-year old child - Mother/ main caretaker > Combined,https://p-epi-wiki.erasmusmc.nl/wiki/data/shop.php?wiki=genrwiki&item=001664,General,
QC_Family_IncomeHousehold_GR1201_20250402,Generation R,Focus op 17,Interviews & Questionnaires,Generation R > Focus op 17 > Interviews & Questionnaires > GR1201 The development of my 17/18-year old child - Mother/ main caretaker > Combined,https://p-epi-wiki.erasmusmc.nl/wiki/data/shop.php?wiki=genrwiki&item=001663,,
Child_CBCL_GR1202_20251016,Generation R,Focus op 17,Interviews & Questionnaires,Generation R > Focus op 17 > Interviews & Questionnaires > GR1202 The development of my 17/18-year old child - Father/ other caretaker > B. The behaviour of your child,https://p-epi-wiki.erasmusmc.nl/wiki/data/shop.php?wiki=genrwiki&item=002904,Pauline Jansen,
Child_CapsSocialAnxiety_GR1202_20251016,Generation R,Focus op 17,Interviews & Questionnaires,Generation R > Focus op 17 > Interviews & Questionnaires > GR1202 The development of my 17/18-year old child - Father/ other caretaker > B. The behaviour of your child,https://p-epi-wiki.erasmusmc.nl/wiki/data/shop.php?wiki=genrwiki&item=002905,Pauline Jansen,
Child_B02_GR1202_20251016,Generation R,Focus op 17,Interviews & Questionnaires,Generation R > Focus op 17 > Interviews & Questionnaires > GR1202 The development of my 17/18-year old child - Father/ other caretaker > B. The behaviour of your child,https://p-epi-wiki.erasmusmc.nl/wiki/data/shop.php?wiki=genrwiki&item=002906,Pauline Jansen,
QCdocument_GR1202_B1_B2_CBCL_SocialAnxiety_HarshParenting,Generation R,Focus op 17,Interviews & Questionnaires,Generation R > Focus op 17 > Interviews & Questionnaires > GR1202 The development of my 17/18-year old child - Father/ other caretaker > B. The behaviour of your child,https://p-epi-wiki.erasmusmc.nl/wiki/data/shop.php?wiki=genrwiki&item=001619,,
Child_C01_GR1202_20260505,Generation R,Focus op 17,Interviews & Questionnaires,Generation R > Focus op 17 > Interviews & Questionnaires > GR1202 The development of my 17/18-year old child - Father/ other caretaker > C. Your family,https://p-epi-wiki.erasmusmc.nl/wiki/data/shop.php?wiki=genrwiki&item=003075,,
QC_Child_C01_GR1202_20260505,Generation R,Focus op 17,Interviews & Questionnaires,Generation R > Focus op 17 > Interviews & Questionnaires > GR1202 The development of my 17/18-year old child - Father/ other caretaker > C. Your family,https://p-epi-wiki.erasmusmc.nl/wiki/data/shop.php?wiki=genrwiki&item=003076,,
Father_D01_GR1202_20260601,Generation R,Focus op 17,Interviews & Questionnaires,Generation R > Focus op 17 > Interviews & Questionnaires > GR1202 The development of my 17/18-year old child - Father/ other caretaker > D. Your personality and behaviour,https://p-epi-wiki.erasmusmc.nl/wiki/data/shop.php?wiki=genrwiki&item=003100,Pauline Jansen',
Child_B01_GR1203_20251016,Generation R,Focus op 17,Interviews & Questionnaires,Generation R > Focus op 17 > Interviews & Questionnaires > GR1203 My questionnaire part 1 - 17/18-year old - Child > B. Social media,https://p-epi-wiki.erasmusmc.nl/wiki/data/shop.php?wiki=genrwiki&item=002923,Pauline Jansen / Amy van Grieken,
Child_B02-04_GR1203_20251222,Generation R,Focus op 17,Interviews & Questionnaires,Generation R > Focus op 17 > Interviews & Questionnaires > GR1203 My questionnaire part 1 - 17/18-year old - Child > B. Social media,https://p-epi-wiki.erasmusmc.nl/wiki/data/shop.php?wiki=genrwiki&item=003030,Pauline Jansen / Amy van Grieken,
Quality Control Document Child_B02-04_GR1203_20251215,Generation R,Focus op 17,Interviews & Questionnaires,Generation R > Focus op 17 > Interviews & Questionnaires > GR1203 My questionnaire part 1 - 17/18-year old - Child > B. Social media,https://p-epi-wiki.erasmusmc.nl/wiki/data/shop.php?wiki=genrwiki&item=003028,,
Child_C01_GR1203_20260608,Generation R,Focus op 17,Interviews & Questionnaires,Generation R > Focus op 17 > Interviews & Questionnaires > GR1203 My questionnaire part 1 - 17/18-year old - Child > C. Your personality,https://p-epi-wiki.erasmusmc.nl/wiki/data/shop.php?wiki=genrwiki&item=003104,Pauline Jansne,
Child_D07-08_GR1203_20251020,Generation R,Focus op 17,Interviews & Questionnaires,Generation R > Focus op 17 > Interviews & Questionnaires > GR1203 My questionnaire part 1 - 17/18-year old - Child > D. Positive and negative experiences,https://p-epi-wiki.erasmusmc.nl/wiki/data/shop.php?wiki=genrwiki&item=002914,Caroline Klaver / Amy van Grieken,
Child_D01-02_GR1203_20260109,Generation R,Focus op 17,Interviews & Questionnaires,Generation R > Focus op 17 > Interviews & Questionnaires > GR1203 My questionnaire part 1 - 17/18-year old - Child > D. Positive and negative experiences,https://p-epi-wiki.erasmusmc.nl/wiki/data/shop.php?wiki=genrwiki&item=003042,Pauline Jansen,
Child_Education_GR1203_20260604,Generation R,Focus op 17,Interviews & Questionnaires,Generation R > Focus op 17 > Interviews & Questionnaires > GR1203 My questionnaire part 1 - 17/18-year old - Child > E. Education,https://p-epi-wiki.erasmusmc.nl/wiki/data/shop.php?wiki=genrwiki&item=003101,,
QC_Document_School career child F17_19-12-2024,Generation R,Focus op 17,Interviews & Questionnaires,Generation R > Focus op 17 > Interviews & Questionnaires > GR1203 My questionnaire part 1 - 17/18-year old - Child > E. Education,https://p-epi-wiki.erasmusmc.nl/wiki/data/shop.php?wiki=genrwiki&item=001582,,
QC_Document_Education child F17_03062026 _Luna van der Gun,Generation R,Focus op 17,Interviews & Questionnaires,Generation R > Focus op 17 > Interviews & Questionnaires > GR1203 My questionnaire part 1 - 17/18-year old - Child > E. Education,https://p-epi-wiki.erasmusmc.nl/wiki/data/shop.php?wiki=genrwiki&item=003102,,
Child_E06_GR1203_20251020,Generation R,Focus op 17,Interviews & Questionnaires,Generation R > Focus op 17 > Interviews & Questionnaires > GR1203 My questionnaire part 1 - 17/18-year old - Child > E. Education,https://p-epi-wiki.erasmusmc.nl/wiki/data/shop.php?wiki=genrwiki&item=002915,,
Child_F05-06_GR1203_20251020,Generation R,Focus op 17,Interviews & Questionnaires,Generation R > Focus op 17 > Interviews & Questionnaires > GR1203 My questionnaire part 1 - 17/18-year old - Child > F. Your neighbourhood,https://p-epi-wiki.erasmusmc.nl/wiki/data/shop.php?wiki=genrwiki&item=002929,Caroline Klaver,
Child_G_GR1203_20251020,Generation R,Focus op 17,Interviews & Questionnaires,Generation R > Focus op 17 > Interviews & Questionnaires > GR1203 My questionnaire part 1 - 17/18-year old - Child > G. Substance use,https://p-epi-wiki.erasmusmc.nl/wiki/data/shop.php?wiki=genrwiki&item=002912,,
QC_Child_SubstanceUse_GR1203-G_20250401,Generation R,Focus op 17,Interviews & Questionnaires,Generation R > Focus op 17 > Interviews & Questionnaires > GR1203 My questionnaire part 1 - 17/18-year old - Child > G. Substance use,https://p-epi-wiki.erasmusmc.nl/wiki/data/shop.php?wiki=genrwiki&item=001668,,
Child_H01_GR1203_20251020,Generation R,Focus op 17,Interviews & Questionnaires,Generation R > Focus op 17 > Interviews & Questionnaires > GR1203 My questionnaire part 1 - 17/18-year old - Child > H. Your Emotions,https://p-epi-wiki.erasmusmc.nl/wiki/data/shop.php?wiki=genrwiki&item=002918,Pauline Jansen,
Child_H03_GR1203_20260608_,Generation R,Focus op 17,Interviews & Questionnaires,Generation R > Focus op 17 > Interviews & Questionnaires > GR1203 My questionnaire part 1 - 17/18-year old - Child > H. Your Emotions,https://p-epi-wiki.erasmusmc.nl/wiki/data/shop.php?wiki=genrwiki&item=003103,Pauline Jansen,
Child_I01-10_GR1203_20251020,Generation R,Focus op 17,Interviews & Questionnaires,Generation R > Focus op 17 > Interviews & Questionnaires > GR1203 My questionnaire part 1 - 17/18-year old - Child > I. Eyes and Ears,https://p-epi-wiki.erasmusmc.nl/wiki/data/shop.php?wiki=genrwiki&item=002928,Marc van der Schroeff,
Child_I20-27_GR1203_20251016,Generation R,Focus op 17,Interviews & Questionnaires,Generation R > Focus op 17 > Interviews & Questionnaires > GR1203 My questionnaire part 1 - 17/18-year old - Child > I. Eyes and Ears,https://p-epi-wiki.erasmusmc.nl/wiki/data/shop.php?wiki=genrwiki&item=002919,Caroline Klaver,
QC_Child_Eyes_GR1203-I20-27_20250501,Generation R,Focus op 17,Interviews & Questionnaires,Generation R > Focus op 17 > Interviews & Questionnaires > GR1203 My questionnaire part 1 - 17/18-year old - Child > I. Eyes and Ears,https://p-epi-wiki.erasmusmc.nl/wiki/data/shop.php?wiki=genrwiki&item=001713,,"Also contains F5-6, B1, D7-8, E6"
Child_Teeth_GR1203_20251002,Generation R,Focus op 17,Interviews & Questionnaires,Generation R > Focus op 17 > Interviews & Questionnaires > GR1203 My questionnaire part 1 - 17/18-year old - Child > J. Your teeth,https://p-epi-wiki.erasmusmc.nl/wiki/data/shop.php?wiki=genrwiki&item=002697,Eppo Wolvius,
QC_Child_Teeth_GR1203_20251002,Generation R,Focus op 17,Interviews & Questionnaires,Generation R > Focus op 17 > Interviews & Questionnaires > GR1203 My questionnaire part 1 - 17/18-year old - Child > J. Your teeth,https://p-epi-wiki.erasmusmc.nl/wiki/data/shop.php?wiki=genrwiki&item=002699,,
Child_K_GR1203_20251020,Generation R,Focus op 17,Interviews & Questionnaires,Generation R > Focus op 17 > Interviews & Questionnaires > GR1203 My questionnaire part 1 - 17/18-year old - Child > K. Eating behaviour,https://p-epi-wiki.erasmusmc.nl/wiki/data/shop.php?wiki=genrwiki&item=002916,Pauline Jansen,
Child_C02_GR1204_20251020,Generation R,Focus op 17,Interviews & Questionnaires,Generation R > Focus op 17 > Interviews & Questionnaires > GR1204 My questionnaire part 2 - 17/18-year old - Child > C. Eating behaviour,https://p-epi-wiki.erasmusmc.nl/wiki/data/shop.php?wiki=genrwiki&item=002911,Amy van Grieken,
QC_EatingBehaviour_GR1204-C2_20250626,Generation R,Focus op 17,Interviews & Questionnaires,Generation R > Focus op 17 > Interviews & Questionnaires > GR1204 My questionnaire part 2 - 17/18-year old - Child > C. Eating behaviour,https://p-epi-wiki.erasmusmc.nl/wiki/data/shop.php?wiki=genrwiki&item=001824,,
Child_D01-08_GR1204_20251020,Generation R,Focus op 17,Interviews & Questionnaires,Generation R > Focus op 17 > Interviews & Questionnaires > GR1204 My questionnaire part 2 - 17/18-year old - Child > D. Health,https://p-epi-wiki.erasmusmc.nl/wiki/data/shop.php?wiki=genrwiki&item=002910,Amy van Grieken,
Child_E01_GR1204_20260624,Generation R,Focus op 17,Interviews & Questionnaires,Generation R > Focus op 17 > Interviews & Questionnaires > GR1204 My questionnaire part 2 - 17/18-year old - Child > E. Personality,https://p-epi-wiki.erasmusmc.nl/wiki/data/shop.php?wiki=genrwiki&item=003108,Pauline Jansen,
QC_Child_E01_GR1204_20260624,Generation R,Focus op 17,Interviews & Questionnaires,Generation R > Focus op 17 > Interviews & Questionnaires > GR1204 My questionnaire part 2 - 17/18-year old - Child > E. Personality,https://p-epi-wiki.erasmusmc.nl/wiki/data/shop.php?wiki=genrwiki&item=003109,,
Child_E03_GR1204_20251020,Generation R,Focus op 17,Interviews & Questionnaires,Generation R > Focus op 17 > Interviews & Questionnaires > GR1204 My questionnaire part 2 - 17/18-year old - Child > E. Personality,https://p-epi-wiki.erasmusmc.nl/wiki/data/shop.php?wiki=genrwiki&item=002907,Pauline Jansen,
QC_Child_BISBAS_GR1204-E3_20250616,Generation R,Focus op 17,Interviews & Questionnaires,Generation R > Focus op 17 > Interviews & Questionnaires > GR1204 My questionnaire part 2 - 17/18-year old - Child > E. Personality,https://p-epi-wiki.erasmusmc.nl/wiki/data/shop.php?wiki=genrwiki&item=001777,,
Child_H06-08_GR1204_20260422,Generation R,Focus op 17,Interviews & Questionnaires,Generation R > Focus op 17 > Interviews & Questionnaires > GR1204 My questionnaire part 2 - 17/18-year old - Child > H. Friendship and bullying,https://p-epi-wiki.erasmusmc.nl/wiki/data/shop.php?wiki=genrwiki&item=003073,Pauline Jansen,
Child_I01-07_GR1204_20251020,Generation R,Focus op 17,Interviews & Questionnaires,Generation R > Focus op 17 > Interviews & Questionnaires > GR1204 My questionnaire part 2 - 17/18-year old - Child > I. Physical Activity,https://p-epi-wiki.erasmusmc.nl/wiki/data/shop.php?wiki=genrwiki&item=002909,,General
QC_Child_PhysicalActivity_GR1204-I1-7_20250624,Generation R,Focus op 17,Interviews & Questionnaires,Generation R > Focus op 17 > Interviews & Questionnaires > GR1204 My questionnaire part 2 - 17/18-year old - Child > I. Physical Activity,https://p-epi-wiki.erasmusmc.nl/wiki/data/shop.php?wiki=genrwiki&item=001825,,
Child_I08-09_GR1204_20251231,Generation R,Focus op 17,Interviews & Questionnaires,Generation R > Focus op 17 > Interviews & Questionnaires > GR1204 My questionnaire part 2 - 17/18-year old - Child > I. Physical Activity,https://p-epi-wiki.erasmusmc.nl/wiki/data/shop.php?wiki=genrwiki&item=003034,,General
QC_Child_I08-09_GR1204_20251231,Generation R,Focus op 17,Interviews & Questionnaires,Generation R > Focus op 17 > Interviews & Questionnaires > GR1204 My questionnaire part 2 - 17/18-year old - Child > I. Physical Activity,https://p-epi-wiki.erasmusmc.nl/wiki/data/shop.php?wiki=genrwiki&item=003067,,
Child_I10_GR1204_20251020,Generation R,Focus op 17,Interviews & Questionnaires,Generation R > Focus op 17 > Interviews & Questionnaires > GR1204 My questionnaire part 2 - 17/18-year old - Child > I. Physical Activity,https://p-epi-wiki.erasmusmc.nl/wiki/data/shop.php?wiki=genrwiki&item=002908,,General
QC_Child_PhysicalActivity_GR1204-I10_20250506,Generation R,Focus op 17,Interviews & Questionnaires,Generation R > Focus op 17 > Interviews & Questionnaires > GR1204 My questionnaire part 2 - 17/18-year old - Child > I. Physical Activity,https://p-epi-wiki.erasmusmc.nl/wiki/data/shop.php?wiki=genrwiki&item=001949,,
Child_Response_GR1222_20260202,Generation R,Focus op 17,Interviews & Questionnaires,Generation R > Focus op 17 > Interviews & Questionnaires > GR1222 Extra digital questionnaire 'jongere in 2024' - Child > A. Response,https://p-epi-wiki.erasmusmc.nl/wiki/data/shop.php?wiki=genrwiki&item=003057,,
Child_Sexuality_GR1222_20250708,Generation R,Focus op 17,Interviews & Questionnaires,Generation R > Focus op 17 > Interviews & Questionnaires > GR1222 Extra digital questionnaire 'jongere in 2024' - Child > B. Sexuality,https://p-epi-wiki.erasmusmc.nl/wiki/data/shop.php?wiki=genrwiki&item=001829,Pauline Jansen,
QC_Child_Sexuality_GR1222_20250708,Generation R,Focus op 17,Interviews & Questionnaires,Generation R > Focus op 17 > Interviews & Questionnaires > GR1222 Extra digital questionnaire 'jongere in 2024' - Child > B. Sexuality,https://p-epi-wiki.erasmusmc.nl/wiki/data/shop.php?wiki=genrwiki&item=001830,,
Child_DrinkingMotives_GR1222_20250710,Generation R,Focus op 17,Interviews & Questionnaires,Generation R > Focus op 17 > Interviews & Questionnaires > GR1222 Extra digital questionnaire 'jongere in 2024' - Child > C. Substance use,https://p-epi-wiki.erasmusmc.nl/wiki/data/shop.php?wiki=genrwiki&item=001833,"Pauline Jansen, Ingmar Franken",
QC_Child_DrinkingMotives_GR1222_20250710,Generation R,Focus op 17,Interviews & Questionnaires,Generation R > Focus op 17 > Interviews & Questionnaires > GR1222 Extra digital questionnaire 'jongere in 2024' - Child > C. Substance use,https://p-epi-wiki.erasmusmc.nl/wiki/data/shop.php?wiki=genrwiki&item=001834,,
Child_Teeth_GR1222_20250703,Generation R,Focus op 17,Interviews & Questionnaires,Generation R > Focus op 17 > Interviews & Questionnaires > GR1222 Extra digital questionnaire 'jongere in 2024' - Child > E. Teeth,https://p-epi-wiki.erasmusmc.nl/wiki/data/shop.php?wiki=genrwiki&item=001828,Eppo Wolvius,
Child_Gambling_GR1222_20250703,Generation R,Focus op 17,Interviews & Questionnaires,Generation R > Focus op 17 > Interviews & Questionnaires > GR1222 Extra digital questionnaire 'jongere in 2024' - Child > G. Gambling,https://p-epi-wiki.erasmusmc.nl/wiki/data/shop.php?wiki=genrwiki&item=001827,"Pauline Jansen, Ingmar Franken",
QC_Child_Gambling_GR1222_20250617,Generation R,Focus op 17,Interviews & Questionnaires,Generation R > Focus op 17 > Interviews & Questionnaires > GR1222 Extra digital questionnaire 'jongere in 2024' - Child > G. Gambling,https://p-epi-wiki.erasmusmc.nl/wiki/data/shop.php?wiki=genrwiki&item=001806,,
CHILDMRI17_GR1206_B5_Pain_28112024 Add this file to your basket,Generation R,Focus op 17,MRI,Generation R > Focus op 17 > MRI > MRI child 17 years,,Sita Bierma - Zeinstra,
QCdocument_GR1206_PaindataCHILDMRI17_28112024,Generation R,Focus op 17,MRI,Generation R > Focus op 17 > MRI > MRI child 17 years,https://p-epi-wiki.erasmusmc.nl/wiki/data/shop.php?wiki=genrwiki&item=001578,,
Child_MRIKneeMorphology_17Y_20260323,Generation R,Focus op 17,MRI,Generation R > Focus op 17 > MRI > MRI child 17 years,,Edwin Oei,
QC_Document_Child_MRIKneeMorphology_17Y_20260323,Generation R,Focus op 17,MRI,Generation R > Focus op 17 > MRI > MRI child 17 years,https://p-epi-wiki.erasmusmc.nl/wiki/data/shop.php?wiki=genrwiki&item=003066,,
Mother_AMH_BloodPregnancy_20251014,Generation R,,Biomarker,Biomarker > Generation R Parents Biomarker,https://p-epi-wiki.erasmusmc.nl/wiki/data/shop.php?wiki=genrwiki&item=002837,Joop Laven,
Mother_AMH_Blood05Y_20251014,Generation R,,Biomarker,Biomarker > Generation R Parents Biomarker,https://p-epi-wiki.erasmusmc.nl/wiki/data/shop.php?wiki=genrwiki&item=002836,Joop Laven,
Mother_AMH_Blood09Y_20251014,Generation R,,Biomarker,Biomarker > Generation R Parents Biomarker,https://p-epi-wiki.erasmusmc.nl/wiki/data/shop.php?wiki=genrwiki&item=002835,Joop Laven,
Mother_ANTITTG_BloodPregnancy_20250815,Generation R,,Biomarker,Biomarker > Generation R Parents Biomarker,https://p-epi-wiki.erasmusmc.nl/wiki/data/shop.php?wiki=genrwiki&item=002995,Liesbeth Duijts,
Mother_BPA_UrinePregnancy_20250815,Generation R,,Biomarker,Biomarker > Generation R Parents Biomarker,https://p-epi-wiki.erasmusmc.nl/wiki/data/shop.php?wiki=genrwiki&item=002560,Lex Burdorf,
Mother_Chlamydia_UrinePregnancy_20250818,Generation R,,Biomarker,Biomarker > Generation R Parents Biomarker,https://p-epi-wiki.erasmusmc.nl/wiki/data/shop.php?wiki=genrwiki&item=002582,Liesbeth Duijts,
Mother_CRP_BloodPregnancy_20250812,Generation R,,Biomarker,Biomarker > Generation R Parents Biomarker,https://p-epi-wiki.erasmusmc.nl/wiki/data/shop.php?wiki=genrwiki&item=002570,"Vincent Jaddoe, Eric Steegers",
Mother_Cytokines_BloodPregnancy_20251201,Generation R,,Biomarker,Biomarker > Generation R Parents Biomarker,,"Pauline Jansen, Manon Hillegers",'
Mother_FattyAcids_BloodPregnancy_20250812,Generation R,,Biomarker,Biomarker > Generation R Parents Biomarker,https://p-epi-wiki.erasmusmc.nl/wiki/data/shop.php?wiki=genrwiki&item=002581,"Pauline Jansen, Manon Hillegers",
Mother_Folate_Blood05Y_20251014,Generation R,,Biomarker,Biomarker > Generation R Parents Biomarker,https://p-epi-wiki.erasmusmc.nl/wiki/data/shop.php?wiki=genrwiki&item=002831,Eric Steegers,
Mother_FolicAcid_BloodPregnancy_20250812,Generation R,,Biomarker,Biomarker > Generation R Parents Biomarker,https://p-epi-wiki.erasmusmc.nl/wiki/data/shop.php?wiki=genrwiki&item=002572,"Vincent Jaddoe, Eric Steegers",
Mother_GlucoseMetabolismLipids_BloodPregnancy_20250815,Generation R,,Biomarker,Biomarker > Generation R Parents Biomarker,https://p-epi-wiki.erasmusmc.nl/wiki/data/shop.php?wiki=genrwiki&item=002580,"Vincent Jaddoe, Eric Steegers",
Mother_Glucose_Blood05Y_20251014,Generation R,,Biomarker,Biomarker > Generation R Parents Biomarker,https://p-epi-wiki.erasmusmc.nl/wiki/data/shop.php?wiki=genrwiki&item=002834,Eric Steegers,
Mother_HCG_BloodPregnancy_20250815,Generation R,,Biomarker,Biomarker > Generation R Parents Biomarker,https://p-epi-wiki.erasmusmc.nl/wiki/data/shop.php?wiki=genrwiki&item=002576,"Vincent Jaddoe, Eric Steegers",
Mother_HCY_BloodPregnancy_20250812,Generation R,,Biomarker,Biomarker > Generation R Parents Biomarker,https://p-epi-wiki.erasmusmc.nl/wiki/data/shop.php?wiki=genrwiki&item=002577,"Vincent Jaddoe, Eric Steegers",
Mother_HGB-HCT_BloodPregnancy_20250812,Generation R,,Biomarker,Biomarker > Generation R Parents Biomarker,https://p-epi-wiki.erasmusmc.nl/wiki/data/shop.php?wiki=genrwiki&item=002578,,
Mother_HPYLORI_BloodPregnancy_20250815,Generation R,,Biomarker,Biomarker > Generation R Parents Biomarker,https://p-epi-wiki.erasmusmc.nl/wiki/data/shop.php?wiki=genrwiki&item=002579,"Vincent Jaddoe, Eric Steegers",
Mother_Iodine_UrinePregnancy_20250818,Generation R,,Biomarker,Biomarker > Generation R Parents Biomarker,https://p-epi-wiki.erasmusmc.nl/wiki/data/shop.php?wiki=genrwiki&item=002584,"Robin Peeters, Pauline Jansen, Manon Hillegers",
Mother_IronStatus_BloodPregnancy_20250815,Generation R,,Biomarker,Biomarker > Generation R Parents Biomarker,https://p-epi-wiki.erasmusmc.nl/wiki/data/shop.php?wiki=genrwiki&item=002573,"Vincent Jaddoe, Irwin Reiss",
Mother_Lipids_Blood05Y_20251014,Generation R,,Biomarker,Biomarker > Generation R Parents Biomarker,https://p-epi-wiki.erasmusmc.nl/wiki/data/shop.php?wiki=genrwiki&item=002833,Eric Steegers,
Mother_NISInhibitors_UrinePregnancy_20250728,Generation R,,Biomarker,Biomarker > Generation R Parents Biomarker,https://p-epi-wiki.erasmusmc.nl/wiki/data/shop.php?wiki=genrwiki&item=002587,Tim Korevaar,
QC_Document_Mother_UrineNISInhibitors_Pregnancy_20250728,Generation R,,Biomarker,Biomarker > Generation R Parents Biomarker,https://p-epi-wiki.erasmusmc.nl/wiki/data/shop.php?wiki=genrwiki&item=001877,,
Mother_OrganophosphatePesticidesPierik_UrinePregnancy_20250815,Generation R,,Biomarker,Biomarker > Generation R Parents Biomarker,https://p-epi-wiki.erasmusmc.nl/wiki/data/shop.php?wiki=genrwiki&item=002586,,
Mother_OrganophosphatePesticides_UrinePregnancy_20250818,Generation R,,Biomarker,Biomarker > Generation R Parents Biomarker,https://p-epi-wiki.erasmusmc.nl/wiki/data/shop.php?wiki=genrwiki&item=002561,"Pauline Jansen, TNO",
Mother_PAI2_BloodPregnancy_20250812,Generation R,,Biomarker,Biomarker > Generation R Parents Biomarker,https://p-epi-wiki.erasmusmc.nl/wiki/data/shop.php?wiki=genrwiki&item=002575,"Vincent Jaddoe, Eric Steegers",
Mother_PhtalatesBPS_UrinePregnancy_20250818,Generation R,,Biomarker,Biomarker > Generation R Parents Biomarker,https://p-epi-wiki.erasmusmc.nl/wiki/data/shop.php?wiki=genrwiki&item=002571,Vincent Jaddoe,
Mother_PLGF_BloodPregnancy_20250812,Generation R,,Biomarker,Biomarker > Generation R Parents Biomarker,https://p-epi-wiki.erasmusmc.nl/wiki/data/shop.php?wiki=genrwiki&item=002569,"Vincent Jaddoe, Eric Steegers",
Mother_PLGF_Blood05Y_20251014,Generation R,,Biomarker,Biomarker > Generation R Parents Biomarker,https://p-epi-wiki.erasmusmc.nl/wiki/data/shop.php?wiki=genrwiki&item=002832,Eric Steegers,
Mother_proBNP_Blood05Y_20251014,Generation R,,Biomarker,Biomarker > Generation R Parents Biomarker,https://p-epi-wiki.erasmusmc.nl/wiki/data/shop.php?wiki=genrwiki&item=002830,Eric Steegers,
Mother_SFLT1_BloodPregnancy_20250812,Generation R,,Biomarker,Biomarker > Generation R Parents Biomarker,https://p-epi-wiki.erasmusmc.nl/wiki/data/shop.php?wiki=genrwiki&item=002564,"Vincent Jaddoe, Eric Steegers",
Mother_THC_UrinePregnancy_20250818,Generation R,,Biomarker,Biomarker > Generation R Parents Biomarker,https://p-epi-wiki.erasmusmc.nl/wiki/data/shop.php?wiki=genrwiki&item=002565,"Pauline Jansen, Manon Hillegers",
Mother_Thyroglobulin_BloodPregnancy_20250815,Generation R,,Biomarker,Biomarker > Generation R Parents Biomarker,https://p-epi-wiki.erasmusmc.nl/wiki/data/shop.php?wiki=genrwiki&item=002566,Robin Peeters,
Mother_ThyroidFunction_BloodPregnancy_20250815,Generation R,,Biomarker,Biomarker > Generation R Parents Biomarker,https://p-epi-wiki.erasmusmc.nl/wiki/data/shop.php?wiki=genrwiki&item=002567,"Pauline Jansen, Manon Hillegers",
Mother_TPOAB_BloodPregnancy_20250812,Generation R,,Biomarker,Biomarker > Generation R Parents Biomarker,https://p-epi-wiki.erasmusmc.nl/wiki/data/shop.php?wiki=genrwiki&item=002568,"Vincent Jaddoe, Eric Steegers",
Mother_VitaminB_BloodPregnancy_20250815,Generation R,,Biomarker,Biomarker > Generation R Parents Biomarker,https://p-epi-wiki.erasmusmc.nl/wiki/data/shop.php?wiki=genrwiki&item=002562,"Pauline Jansen, Manon Hillegers",
Mother_VitaminD_BloodPregnancy_20250815,Generation R,,Biomarker,Biomarker > Generation R Parents Biomarker,https://p-epi-wiki.erasmusmc.nl/wiki/data/shop.php?wiki=genrwiki&item=002563,"Vincent Jaddoe, Pauline Jansen",
Child_ANTITTG_Blood05Y_20250821,Generation R,,Biomarker,Biomarker > Generation R Child Biomarker,https://p-epi-wiki.erasmusmc.nl/wiki/data/shop.php?wiki=genrwiki&item=002698,Liesbeth Duijts,
Child_ANTITTG_Blood09Y_20251013,Generation R,,Biomarker,Biomarker > Generation R Child Biomarker,https://p-epi-wiki.erasmusmc.nl/wiki/data/shop.php?wiki=genrwiki&item=002822,Liesbeth Duijts,
CHILDIMMUNOtruecounsts0-6y_14012015,Generation R,,Biomarker,Biomarker > Generation R Child Biomarker,,"Liesbeth Duijts, available upon request from datamanagement",
Child_CellCountsImmunology_Blood05Y_20250821,Generation R,,Biomarker,Biomarker > Generation R Child Biomarker,https://p-epi-wiki.erasmusmc.nl/wiki/data/shop.php?wiki=genrwiki&item=002615,Liesbeth Duijts,
Child_CellCountsImmunologyExtended_Blood05Y_20250821,Generation R,,Biomarker,Biomarker > Generation R Child Biomarker,https://p-epi-wiki.erasmusmc.nl/wiki/data/shop.php?wiki=genrwiki&item=002993,Liesbeth Duijts,
Child_CellCountsImmunology_Blood09Y_20251013,Generation R,,Biomarker,Biomarker > Generation R Child Biomarker,https://p-epi-wiki.erasmusmc.nl/wiki/data/shop.php?wiki=genrwiki&item=002821,,
Child_CellCountsImmunologyExtended_Blood09Y_20251014,Generation R,,Biomarker,Biomarker > Generation R Child Biomarker,https://p-epi-wiki.erasmusmc.nl/wiki/data/shop.php?wiki=genrwiki&item=003007,Liesbeth Duijts,
QC_Immunodataset_Focusat9_23122024,Generation R,,Biomarker,Biomarker > Generation R Child Biomarker,https://p-epi-wiki.erasmusmc.nl/wiki/data/shop.php?wiki=genrwiki&item=001595,,
Child_Cortisol_Hair05Y_20250929,Generation R,,Biomarker,Biomarker > Generation R Child Biomarker,https://p-epi-wiki.erasmusmc.nl/wiki/data/shop.php?wiki=genrwiki&item=002994,"Vincent Jaddoe, Liesbeth van Rossum",
Child_Cortisol_Saliva14M_20250819,Generation R,,Biomarker,Biomarker > Generation R Child Biomarker,https://p-epi-wiki.erasmusmc.nl/wiki/data/shop.php?wiki=genrwiki&item=002601,"Pauline Jansen, Manon Hillegers",
Child_CRP_Cordblood_20250819,Generation R,,Biomarker,Biomarker > Generation R Child Biomarker,https://p-epi-wiki.erasmusmc.nl/wiki/data/shop.php?wiki=genrwiki&item=002594,"Vincent Jaddoe, Eric Steegers",
Child_CRP_Blood05Y_20250821,Generation R,,Biomarker,Biomarker > Generation R Child Biomarker,https://p-epi-wiki.erasmusmc.nl/wiki/data/shop.php?wiki=genrwiki&item=002598,Vincent Jaddoe,
Child_CRP_Blood09Y_20251013,Generation R,,Biomarker,Biomarker > Generation R Child Biomarker,https://p-epi-wiki.erasmusmc.nl/wiki/data/shop.php?wiki=genrwiki&item=002826,Vincent Jaddoe,
Child_FlowCytometry_Blood09Y_20251013,Generation R,,Biomarker,Biomarker > Generation R Child Biomarker,,Liesbeth Duijts,
Child_FolicAcid_Cordblood_20250819,Generation R,,Biomarker,Biomarker > Generation R Child Biomarker,https://p-epi-wiki.erasmusmc.nl/wiki/data/shop.php?wiki=genrwiki&item=002593,"Vincent Jaddoe, Eric Steegers",
Child_GlucoseMetabolism_Blood05Y_20250821,Generation R,,Biomarker,Biomarker > Generation R Child Biomarker,https://p-epi-wiki.erasmusmc.nl/wiki/data/shop.php?wiki=genrwiki&item=002609,Vincent Jaddoe,
Child_GlucoseMetabolism_Blood09Y_20251013,Generation R,,Biomarker,Biomarker > Generation R Child Biomarker,https://p-epi-wiki.erasmusmc.nl/wiki/data/shop.php?wiki=genrwiki&item=002825,Vincent Jaddoe,
Child_HCY_Cordblood_20250819,Generation R,,Biomarker,Biomarker > Generation R Child Biomarker,https://p-epi-wiki.erasmusmc.nl/wiki/data/shop.php?wiki=genrwiki&item=002592,"Vincent Jaddoe, Eric Steegers",
Child_HPYLORI_Blood05Y_20250821,Generation R,,Biomarker,Biomarker > Generation R Child Biomarker,https://p-epi-wiki.erasmusmc.nl/wiki/data/shop.php?wiki=genrwiki&item=002613,Vincent Jaddoe,
Child_KidneyFunction_Blood05Y_20250929,Generation R,,Biomarker,Biomarker > Generation R Child Biomarker,https://p-epi-wiki.erasmusmc.nl/wiki/data/shop.php?wiki=genrwiki&item=002604,Vincent Jaddoe,
Child_KidneyFunction_Blood09Y_20251013,Generation R,,Biomarker,Biomarker > Generation R Child Biomarker,https://p-epi-wiki.erasmusmc.nl/wiki/data/shop.php?wiki=genrwiki&item=002823,Vincent Jaddoe,
Child_KidneyFunction_Urine05Y_20250929,Generation R,,Biomarker,Biomarker > Generation R Child Biomarker,https://p-epi-wiki.erasmusmc.nl/wiki/data/shop.php?wiki=genrwiki&item=002605,Vincent Jaddoe,
Child_Lipids_Blood05Y_20260615,Generation R,,Biomarker,Biomarker > Generation R Child Biomarker,https://p-epi-wiki.erasmusmc.nl/wiki/data/shop.php?wiki=genrwiki&item=003105,Vincent Jaddoe,
Child_Lipids_Blood09Y_20251013,Generation R,,Biomarker,Biomarker > Generation R Child Biomarker,https://p-epi-wiki.erasmusmc.nl/wiki/data/shop.php?wiki=genrwiki&item=002824,Vincent Jaddoe,
Child_LiverEnzymes_Blood05Y_20250821,Generation R,,Biomarker,Biomarker > Generation R Child Biomarker,https://p-epi-wiki.erasmusmc.nl/wiki/data/shop.php?wiki=genrwiki&item=002606,Vincent Jaddoe,
Child_OrganophosphatePesticides_Urine05Y_20250821,Generation R,,Biomarker,Biomarker > Generation R Child Biomarker,https://p-epi-wiki.erasmusmc.nl/wiki/data/shop.php?wiki=genrwiki&item=002602,Pauline Jansen,
Child_PhtalatesBPS_Urine05Y_20250818,Generation R,,Biomarker,Biomarker > Generation R Child Biomarker,https://p-epi-wiki.erasmusmc.nl/wiki/data/shop.php?wiki=genrwiki&item=002607,Vincent Jaddoe,
Child_PLGF_Cordblood_20250819,Generation R,,Biomarker,Biomarker > Generation R Child Biomarker,https://p-epi-wiki.erasmusmc.nl/wiki/data/shop.php?wiki=genrwiki&item=002591,"Vincent Jaddoe, Eric Steegers",
Child_SerumCollected_Blood05Y_20251222,Generation R,,Biomarker,Biomarker > Generation R Child Biomarker,https://p-epi-wiki.erasmusmc.nl/wiki/data/shop.php?wiki=genrwiki&item=003031,,
Child_SteroidProfile_Blood09-13Y_20260416,Generation R,,Biomarker,Biomarker > Generation R Child Biomarker,,Pauline Jansen,
QC Child_SteroidProfile_Blood09-13Y_20260416,Generation R,,Biomarker,Biomarker > Generation R Child Biomarker,,,
Child_SFLT1_Cordblood_20250819,Generation R,,Biomarker,Biomarker > Generation R Child Biomarker,https://p-epi-wiki.erasmusmc.nl/wiki/data/shop.php?wiki=genrwiki&item=002590,"Vincent Jaddoe, Eric Steegers",
Child_ThyroidFunction_Cordblood_20250819,Generation R,,Biomarker,Biomarker > Generation R Child Biomarker,https://p-epi-wiki.erasmusmc.nl/wiki/data/shop.php?wiki=genrwiki&item=002595,"Vincent Jaddoe, Eric Steegers",
Child_ThyroidFunction_Blood05Y_20250821,Generation R,,Biomarker,Biomarker > Generation R Child Biomarker,https://p-epi-wiki.erasmusmc.nl/wiki/data/shop.php?wiki=genrwiki&item=002599,Robin Peeters,
Child_VitaminB_Cordblood_20250819,Generation R,,Biomarker,Biomarker > Generation R Child Biomarker,https://p-epi-wiki.erasmusmc.nl/wiki/data/shop.php?wiki=genrwiki&item=002589,"Vincent Jaddoe, Eric Steegers",
Child_VitaminD_Cordblood_20250819,Generation R,,Biomarker,Biomarker > Generation R Child Biomarker,https://p-epi-wiki.erasmusmc.nl/wiki/data/shop.php?wiki=genrwiki&item=002588,"Vincent Jaddoe, Pauline Jansen",
Child_VitaminD_Blood05Y_20250821,Generation R,,Biomarker,Biomarker > Generation R Child Biomarker,https://p-epi-wiki.erasmusmc.nl/wiki/data/shop.php?wiki=genrwiki&item=002596,Vincent Jaddoe,
Child_VirusSerology_Blood05Y_20250821,Generation R,,Biomarker,Biomarker > Generation R Child Biomarker,https://p-epi-wiki.erasmusmc.nl/wiki/data/shop.php?wiki=genrwiki&item=002608,Liesbeth Duijts,
"Ranges en codes_SerumChildF5 (ALAT, ASAT, CHOL, C-peptide, CRP, Cystatine C, HDL, Insuline, KREAT, LDL,TG)",Generation R,,Biomarker,Biomarker > Generation R Child Biomarker,https://p-epi-wiki.erasmusmc.nl/wiki/data/shop.php?wiki=genrwiki&item=000505,,
CHILDmicrobiomeFaeces9_07102021,Generation R,,Microbiome,Microbiome > Generation R Child Microbiome > Gastroinetestine,https://p-epi-wiki.erasmusmc.nl/wiki/data/shop.php?wiki=genrwiki&item=001251,"Liesbeth Duijts, Fernando Rivadeneira",
202408_OVERVIEW_FILTERING_ORALMICROBIOTA_GENRF13_FrancienVeenman,Generation R,,Microbiome,Microbiome > Generation R Child Microbiome > Mouth,https://p-epi-wiki.erasmusmc.nl/wiki/data/shop.php?wiki=genrwiki&item=001536,,General
filtered_FV_ps.Robject,Generation R,,Microbiome,Microbiome > Generation R Child Microbiome > Mouth,,"Lea Kragt, Eppo Wolvius",
Child_NasopharyngealBacterialCarriage_Swab0-3Y_20251002,Generation R,,Microbiome,Microbiome > Generation R Child Microbiome > Nose,https://p-epi-wiki.erasmusmc.nl/wiki/data/shop.php?wiki=genrwiki&item=002695,Liesbeth Duijts,
Child_NasopharyngealBacterialCarriage_Swab05Y_20250821,Generation R,,Microbiome,Microbiome > Generation R Child Microbiome > Nose,https://p-epi-wiki.erasmusmc.nl/wiki/data/shop.php?wiki=genrwiki&item=002611,Liesbeth Duijts,
MICRIOBIOME9CHILD_selection_28092020,Generation R,,Microbiome,Microbiome > Generation R Child Microbiome > Nose,https://p-epi-wiki.erasmusmc.nl/wiki/data/shop.php?wiki=genrwiki&item=001141,,
Family_Omics_0-9Y_20251014,Generation R,,Omics,Omics > Generation R Omics > Overview,https://p-epi-wiki.erasmusmc.nl/wiki/data/shop.php?wiki=genrwiki&item=002839,,
Mother_Selection_GSA_20251014,Generation R,,Omics,Omics > Generation R Omics > Genomics,https://p-epi-wiki.erasmusmc.nl/wiki/data/shop.php?wiki=genrwiki&item=002857,,
Partner_Selection_GSA_20251014,Generation R,,Omics,Omics > Generation R Omics > Genomics,https://p-epi-wiki.erasmusmc.nl/wiki/data/shop.php?wiki=genrwiki&item=002855,,
Parents_Selection_GSA_20251014,Generation R,,Omics,Omics > Generation R Omics > Genomics,https://p-epi-wiki.erasmusmc.nl/wiki/data/shop.php?wiki=genrwiki&item=002856,,
Parents_NonEurSamples_GSA_20251014,Generation R,,Omics,Omics > Generation R Omics > Genomics,https://p-epi-wiki.erasmusmc.nl/wiki/data/shop.php?wiki=genrwiki&item=002854,,
Parents_IndepMarkerPCs_GSA_20251014,Generation R,,Omics,Omics > Generation R Omics > Genomics,https://p-epi-wiki.erasmusmc.nl/wiki/data/shop.php?wiki=genrwiki&item=002852,,
Parents_EuropeanIndepMarkerPCs_GSA_20251014,Generation R,,Omics,Omics > Generation R Omics > Genomics,https://p-epi-wiki.erasmusmc.nl/wiki/data/shop.php?wiki=genrwiki&item=002853,,
Child_SelectionParentKinship_GSA_20251014,Generation R,,Omics,Omics > Generation R Omics > Genomics,https://p-epi-wiki.erasmusmc.nl/wiki/data/shop.php?wiki=genrwiki&item=002858,,
Child_Selection_GWAv4_20251014,Generation R,,Omics,Omics > Generation R Omics > Genomics,https://p-epi-wiki.erasmusmc.nl/wiki/data/shop.php?wiki=genrwiki&item=002846,,
Child_SelectionNonEU_GWAv4_20251014,Generation R,,Omics,Omics > Generation R Omics > Genomics,https://p-epi-wiki.erasmusmc.nl/wiki/data/shop.php?wiki=genrwiki&item=002844,,
Child_PCASelection_GWAv4_20251014,Generation R,,Omics,Omics > Generation R Omics > Genomics,https://p-epi-wiki.erasmusmc.nl/wiki/data/shop.php?wiki=genrwiki&item=002848,,
Child_PCASelectionEuropean_GWAv4_20251014,Generation R,,Omics,Omics > Generation R Omics > Genomics,https://p-epi-wiki.erasmusmc.nl/wiki/data/shop.php?wiki=genrwiki&item=002847,,
Child_Admixture_GWAv4_20251014,Generation R,,Omics,Omics > Generation R Omics > Genomics,https://p-epi-wiki.erasmusmc.nl/wiki/data/shop.php?wiki=genrwiki&item=002859,,
Child_Selection_GWAv3_20251014,Generation R,,Omics,Omics > Generation R Omics > Genomics,https://p-epi-wiki.erasmusmc.nl/wiki/data/shop.php?wiki=genrwiki&item=002840,,
Child_SelectionNonEU_GWAv3_20251014,Generation R,,Omics,Omics > Generation R Omics > Genomics,https://p-epi-wiki.erasmusmc.nl/wiki/data/shop.php?wiki=genrwiki&item=002843,,
Child_PCASelection_GWAv3_20260126,Generation R,,Omics,Omics > Generation R Omics > Genomics,https://p-epi-wiki.erasmusmc.nl/wiki/data/shop.php?wiki=genrwiki&item=003052,,
Child_PCASelectionEuropean_GWAv3_20251014,Generation R,,Omics,Omics > Generation R Omics > Genomics,https://p-epi-wiki.erasmusmc.nl/wiki/data/shop.php?wiki=genrwiki&item=002850,,
Child_Admixture_GWAv3_20251014,Generation R,,Omics,Omics > Generation R Omics > Genomics,https://p-epi-wiki.erasmusmc.nl/wiki/data/shop.php?wiki=genrwiki&item=002860,,
Child_EthnicityProbability_GWAv3_20251014,Generation R,,Omics,Omics > Generation R Omics > Genomics,https://p-epi-wiki.erasmusmc.nl/wiki/data/shop.php?wiki=genrwiki&item=002842,,
Child_Pon1Snps_GWAv3_20251014,Generation R,,Omics,Omics > Generation R Omics > Genomics,https://p-epi-wiki.erasmusmc.nl/wiki/data/shop.php?wiki=genrwiki&item=002841,,
Parents_rs429358_Tagman_20251014,Generation R,,Omics,Omics > Generation R Omics > Genomics,https://p-epi-wiki.erasmusmc.nl/wiki/data/shop.php?wiki=genrwiki&item=002868,"Vincent Jaddoe, Arfan Ikram",
Parents_rs7412_Tagman_20251014,Generation R,,Omics,Omics > Generation R Omics > Genomics,https://p-epi-wiki.erasmusmc.nl/wiki/data/shop.php?wiki=genrwiki&item=002867,"Vincent Jaddoe, Arfan Ikram",
Child_ADH_Tagman_20251014,Generation R,,Omics,Omics > Generation R Omics > Genomics,https://p-epi-wiki.erasmusmc.nl/wiki/data/shop.php?wiki=genrwiki&item=002861,"Pauline Jansen, Manon Hillegers",
Child_DRD4_Tagman_20251014,Generation R,,Omics,Omics > Generation R Omics > Genomics,https://p-epi-wiki.erasmusmc.nl/wiki/data/shop.php?wiki=genrwiki&item=002866,"Pauline Jansen, Manon Hillegers",
Child_Cortisol_Tagman_20251014,Generation R,,Omics,Omics > Generation R Omics > Genomics,https://p-epi-wiki.erasmusmc.nl/wiki/data/shop.php?wiki=genrwiki&item=002863,"Vincent Jaddoe, Eric Steegers",
Child_FTO_Tagman_20251014,Generation R,,Omics,Omics > Generation R Omics > Genomics,https://p-epi-wiki.erasmusmc.nl/wiki/data/shop.php?wiki=genrwiki&item=002864,"Pauline Jansen, Manon Hillegers",
Child_MAOA_Tagman_20251014,Generation R,,Omics,Omics > Generation R Omics > Genomics,https://p-epi-wiki.erasmusmc.nl/wiki/data/shop.php?wiki=genrwiki&item=002865,"Pauline Jansen, Manon Hillegers",
Child_Serotonin_Tagman_20251014,Generation R,,Omics,Omics > Generation R Omics > Genomics,https://p-epi-wiki.erasmusmc.nl/wiki/data/shop.php?wiki=genrwiki&item=002862,"Pauline Jansen, Manon Hillegers",
GENRNXT_Child_DNAmRelease4SelectionFile_Birth_20260424,Generation R,,Omics,Omics > Generation R Omics > Epigenomics,https://p-epi-wiki.erasmusmc.nl/wiki/data/shop.php?wiki=genrwiki&item=003077,,
Child_DNAmRelease4SelectionFile_ALL_20260424,Generation R,,Omics,Omics > Generation R Omics > Epigenomics,https://p-epi-wiki.erasmusmc.nl/wiki/data/shop.php?wiki=genrwiki&item=003086,,
Child_DNAmRelease4SelectionFile_Birth_20260424,Generation R,,Omics,Omics > Generation R Omics > Epigenomics,https://p-epi-wiki.erasmusmc.nl/wiki/data/shop.php?wiki=genrwiki&item=003085,,
Child_DNAmRelease4SelectionFile_Birth_inclBridges_20260424,Generation R,,Omics,Omics > Generation R Omics > Epigenomics,https://p-epi-wiki.erasmusmc.nl/wiki/data/shop.php?wiki=genrwiki&item=003079,,
Child_DNAmRelease4SelectionFile_5y_20260424,Generation R,,Omics,Omics > Generation R Omics > Epigenomics,https://p-epi-wiki.erasmusmc.nl/wiki/data/shop.php?wiki=genrwiki&item=003078,,
Child_DNAmRelease4SelectionFile_5y_inclBridges_20260424,Generation R,,Omics,Omics > Generation R Omics > Epigenomics,https://p-epi-wiki.erasmusmc.nl/wiki/data/shop.php?wiki=genrwiki&item=003080,,
Child_DNAmRelease4SelectionFile_9y_20260424,Generation R,,Omics,Omics > Generation R Omics > Epigenomics,https://p-epi-wiki.erasmusmc.nl/wiki/data/shop.php?wiki=genrwiki&item=003084,,
Child_DNAmRelease4SelectionFile_9y_inclBridges_20260424,Generation R,,Omics,Omics > Generation R Omics > Epigenomics,https://p-epi-wiki.erasmusmc.nl/wiki/data/shop.php?wiki=genrwiki&item=003081,,
Child_DNAmRelease4SelectionFile_13y_20260424,Generation R,,Omics,Omics > Generation R Omics > Epigenomics,https://p-epi-wiki.erasmusmc.nl/wiki/data/shop.php?wiki=genrwiki&item=003083,,
Child_DNAmRelease4SelectionFile_17y_20260424,Generation R,,Omics,Omics > Generation R Omics > Epigenomics,https://p-epi-wiki.erasmusmc.nl/wiki/data/shop.php?wiki=genrwiki&item=003082,,
Child_SelectionMethylEPICrelease1_DNACordblood_20251014,Generation R,,Omics,Omics > Generation R Omics > Epigenomics,https://p-epi-wiki.erasmusmc.nl/wiki/data/shop.php?wiki=genrwiki&item=002886,,
Child_DescriptivesMethylEPICRelease1_DNACordblood_20251014 available in,Generation R,,Omics,Omics > Generation R Omics > Epigenomics,,,available at '\\storage.erasmusmc.nl\v\vcl13\GENR\Data\Promovendi\EWAS\Child_MethylEPIC_Release1' (due to filetype)'
Child_CellTypesMethylEPICRelease1_DNACordblood_20251014 available in,Generation R,,Omics,Omics > Generation R Omics > Epigenomics,,,available at '\\storage.erasmusmc.nl\v\vcl13\GENR\Data\Promovendi\EWAS\Child_MethylEPIC_Release1' (due to filetype)'
Child_Selection450kmethRelease3_DNACordblood_20251014,Generation R,,Omics,Omics > Generation R Omics > Epigenomics,https://p-epi-wiki.erasmusmc.nl/wiki/data/shop.php?wiki=genrwiki&item=002876,,
Child_Selection450kmethRelease3_DNABlood05Y_20251014,Generation R,,Omics,Omics > Generation R Omics > Epigenomics,https://p-epi-wiki.erasmusmc.nl/wiki/data/shop.php?wiki=genrwiki&item=002870,,
Child_Selection450kmethRelease3_DNABlood09Y_20251014,Generation R,,Omics,Omics > Generation R Omics > Epigenomics,https://p-epi-wiki.erasmusmc.nl/wiki/data/shop.php?wiki=genrwiki&item=002869,,
Zip_Celtypes_Child_450kmethRelease3_20251014 available in,Generation R,,Omics,Omics > Generation R Omics > Epigenomics,,,available at '\\storage.erasmusmc.nl\v\vcl13\GENR\Data\Promovendi\EWAS'
Child_Selection450kmethRelease2_DNACordblood_20251014,Generation R,,Omics,Omics > Generation R Omics > Epigenomics,https://p-epi-wiki.erasmusmc.nl/wiki/data/shop.php?wiki=genrwiki&item=002874,,
Child_Selection450kmethRelease2_DNABlood05Y_20251014,Generation R,,Omics,Omics > Generation R Omics > Epigenomics,https://p-epi-wiki.erasmusmc.nl/wiki/data/shop.php?wiki=genrwiki&item=002872,,
Child_Selection450kmethRelease2_DNABlood09Y_20251014,Generation R,,Omics,Omics > Generation R Omics > Epigenomics,https://p-epi-wiki.erasmusmc.nl/wiki/data/shop.php?wiki=genrwiki&item=002871,,
Child_HousemanDef450kmethRelease2_DNACordblood_20251014,Generation R,,Omics,Omics > Generation R Omics > Epigenomics,https://p-epi-wiki.erasmusmc.nl/wiki/data/shop.php?wiki=genrwiki&item=002885,,
Child_HousemanDef450kmethRelease2_DNABlood05Y_20251014,Generation R,,Omics,Omics > Generation R Omics > Epigenomics,https://p-epi-wiki.erasmusmc.nl/wiki/data/shop.php?wiki=genrwiki&item=002884,,
Child_HousemanDef450kmethRelease2_DNABlood09Y_20251014,Generation R,,Omics,Omics > Generation R Omics > Epigenomics,https://p-epi-wiki.erasmusmc.nl/wiki/data/shop.php?wiki=genrwiki&item=002883,,
Child_HousemanEosNeu450kmethRelease2_DNACordblood_20251014,Generation R,,Omics,Omics > Generation R Omics > Epigenomics,https://p-epi-wiki.erasmusmc.nl/wiki/data/shop.php?wiki=genrwiki&item=002882,,
Child_HousemanEosNeu450kmethRelease2_DNABlood05Y_20251014,Generation R,,Omics,Omics > Generation R Omics > Epigenomics,https://p-epi-wiki.erasmusmc.nl/wiki/data/shop.php?wiki=genrwiki&item=002881,,
Child_HousemanEosNeu450kmethRelease2_DNABlood09Y_20251014,Generation R,,Omics,Omics > Generation R Omics > Epigenomics,https://p-epi-wiki.erasmusmc.nl/wiki/data/shop.php?wiki=genrwiki&item=002880,,
Child_Baluski450kmethRelease2_DNACordblood_20251014,Generation R,,Omics,Omics > Generation R Omics > Epigenomics,https://p-epi-wiki.erasmusmc.nl/wiki/data/shop.php?wiki=genrwiki&item=002878,,
Child_Gervin450kmethRelease2_DNACordblood_20251014,Generation R,,Omics,Omics > Generation R Omics > Epigenomics,https://p-epi-wiki.erasmusmc.nl/wiki/data/shop.php?wiki=genrwiki&item=002879,,
Child_Selection450kmethRelease1_DNACordblood_20251014,Generation R,,Omics,Omics > Generation R Omics > Epigenomics,https://p-epi-wiki.erasmusmc.nl/wiki/data/shop.php?wiki=genrwiki&item=002875,,
Child_LinkFile450kmethRelease1_DNACordblood_20251014,Generation R,,Omics,Omics > Generation R Omics > Epigenomics,https://p-epi-wiki.erasmusmc.nl/wiki/data/shop.php?wiki=genrwiki&item=002873,,
"Child_DescriptivesMethylEPICRelease1_DNACordblood_20251014, use file",Generation R,,Omics,Omics > Generation R Omics > Epigenomics,,,available at '\\storage.erasmusmc.nl\v\vcl13\GENR\Data\Promovendi\EWAS' (not on wiki due to filesize)'
Child_Bakulski450kmethRelease1_DNACordblood_20251014,Generation R,,Omics,Omics > Generation R Omics > Epigenomics,https://p-epi-wiki.erasmusmc.nl/wiki/data/shop.php?wiki=genrwiki&item=002887,,
Child_HousemanEosNeu450kmethRelease1_DNACordblood_20251014,Generation R,,Omics,Omics > Generation R Omics > Epigenomics,https://p-epi-wiki.erasmusmc.nl/wiki/data/shop.php?wiki=genrwiki&item=002888,,
Child_HousemanDef450kmethRelease1_DNACordblood_20251014,Generation R,,Omics,Omics > Generation R Omics > Epigenomics,https://p-epi-wiki.erasmusmc.nl/wiki/data/shop.php?wiki=genrwiki&item=002889,,
Child_Bakulski450kmethRelease1_DNACordblood_20251014.txt,Generation R,,Omics,Omics > Generation R Omics > Epigenomics,https://p-epi-wiki.erasmusmc.nl/wiki/data/shop.php?wiki=genrwiki&item=002890,,
Child_HousemanDef450kmethRelease1_DNACordblood_20251014.txt,Generation R,,Omics,Omics > Generation R Omics > Epigenomics,https://p-epi-wiki.erasmusmc.nl/wiki/data/shop.php?wiki=genrwiki&item=002891,,
Child_HousemanEosNeu450kmethRelease1_DNACordblood_20251014.txt,Generation R,,Omics,Omics > Generation R Omics > Epigenomics,https://p-epi-wiki.erasmusmc.nl/wiki/data/shop.php?wiki=genrwiki&item=002892,,
Child_Covariates_miRNACordblood_20251014,Generation R,,Omics,Omics > Generation R Omics > Epigenomics,https://p-epi-wiki.erasmusmc.nl/wiki/data/shop.php?wiki=genrwiki&item=002893,Charlotte Cecil,
Child_CountsTMM_miRNACordblood_20251014 available in '\\storage.erasmusmc.nl\v\vcl13\GENR\Data\Promovendi\RNA\miRNA_Cordblood' (due to filesize),Generation R,,Omics,Omics > Generation R Omics > Epigenomics,,Charlotte Cecil,
Child_CountsTMMlogCPM_miRNACordblood_20251014 available in '\\storage.erasmusmc.nl\v\vcl13\GENR\Data\Promovendi\RNA\miRNA_Cordblood' (due to filesize),Generation R,,Omics,Omics > Generation R Omics > Epigenomics,,Charlotte Cecil,
Child_CountsTMM.WIN_miRNACordblood_20251014 available in '\\storage.erasmusmc.nl\v\vcl13\GENR\Data\Promovendi\RNA\miRNA_Cordblood' (due to filesize),Generation R,,Omics,Omics > Generation R Omics > Epigenomics,,Charlotte Cecil,
Child_CountsTMM.WINlogCPM_miRNACordblood_20251014 available in '\\storage.erasmusmc.nl\v\vcl13\GENR\Data\Promovendi\RNA\miRNA_Cordblood' (due to filesize),Generation R,,Omics,Omics > Generation R Omics > Epigenomics,,Charlotte Cecil,
Child_CountsTMMlogCPM_miRNACordblood_20251014 available in '\\storage.erasmusmc.nl\v\vcl13\GENR\Data\Promovendi\RNA\miRNA_Cordblood' (due to filesize),Generation R,,Omics,Omics > Generation R Omics > Epigenomics,,Charlotte Cecil,
Child_DescriptivesCountsTMM_miRNACordblood_20251014 available in,Generation R,,Omics,Omics > Generation R Omics > Epigenomics,,,available at '\\storage.erasmusmc.nl\v\vcl13\GENR\Data\Promovendi\RNA\miRNA_Cordblood' (due to filesize)'
Child_DescriptivesCountsTMM.WIN_miRNACordblood_20251014 available in,Generation R,,Omics,Omics > Generation R Omics > Epigenomics,,,available at '\\storage.erasmusmc.nl\v\vcl13\GENR\Data\Promovendi\RNA\miRNA_Cordblood' (due to filesize)'
Mother_MetabolomicsEarlyNutritionImputed_BloodPregnancy_20250912,Generation R,,Omics,Omics > Generation R Omics > Epigenomics,,"Vincent Jaddoe, Eric Steegers ",
Child_MetabolomicsEarlyNutritionImputed_Cordblood_20250912,Generation R,,Omics,Omics > Generation R Omics > Epigenomics,,"Vincent Jaddoe, Eric Steegers",
Child_MetabolomicsEarlyNutritionImputed_Blood09Y_20250912,Generation R,,Omics,Omics > Generation R Omics > Epigenomics,,"Vincent Jaddoe, Eric Steegers",
